name,price,3G Network,5G,Battery Capacity,Card slot,Display type,GPS,Internal Memory,LTE (4G) Network,NFC,Number of cameras,Operating System,Primary Camera,RAM,Screen size,SIM Multiple,Sim Size,Touch Screen,Wi-Fi,Year,OS version,Selfie Camera,IP Certificate,model
Apple iPhone Xs Max 64GB Space Gray,1173.9,Yes ,No,3200,No ,,Yes ,64,Yes ,Yes ,3,iOS ,2,6,6.5,One SIM ,Nano-SIM ,Yes ,Yes ,2019 Y.,IOS 15 ,1,,xs max
iPhone 11 Pro - Midnight Green,1900,Yes ,No,3100,No ,,Yes ,64,Yes ,No ,3,iOS ,12,4,5.9,One SIM ,Nano-SIM ,Yes ,Yes ,2019 Y.,,1,,11 pro
iphone x 2 cali axlebi 256gb,1150,Yes ,Yes,4400,Yes ,AMOLED ,Yes ,256,Yes ,Yes ,1,iOS ,12,4,4.8,One SIM ,Nano-SIM ,Yes ,Yes ,2022 Y.,IOS 15 ,1,IP6x ,x
Iphone 12 Pro Max Pacific Blue,3150,Yes ,No,3700,Yes ,,Yes ,128,Yes ,Yes ,3,iOS ,12,6,6.67,One SIM ,Nano-SIM ,,,2020 Y.,,1,,12 pro
"IPhone XS Max 64 GB -1 წლიანი გარანტიით, განვადებით",1899,Yes ,No,2400,Yes ,Dynamic AMOLED ,Yes ,64,Yes ,Yes ,3,iOS ,12,4,6.5,One SIM ,Nano-SIM ,Yes ,Yes ,2018 Y.,iOS 14 ,7,IP5x ,xs max
"IPhone 11 ProMax 64 GB - 1 წლიანი გარანტიით , განვადებით",2799,Yes ,No,3900,No ,Dynamic AMOLED ,Yes ,64,Yes ,Yes ,2,iOS ,12,4,6.5,One SIM ,Nano-SIM ,Yes ,Yes ,2019 Y.,iOS 13 ,12,IP6x ,11
"IPhone X 64GB -1 წლიანი გარანტიით , განავდებით",1399,Yes ,No,1500,Yes ,Dynamic AMOLED ,Yes ,64,Yes ,Yes ,2,iOS ,64,3,5.8,One SIM ,Nano-SIM ,Yes ,Yes ,2017 Y.,iOS 14 ,3,IP5x ,x
"IPhone SE 2020 64GB - 1 წლიანი გარანტიით, განვადებით",1049,Yes ,No,1800,Yes ,LCD TFT ,Yes ,128,Yes ,Yes ,2,iOS ,12,3,4.7,Dual SIM ,Nano-SIM ,Yes ,Yes ,2020 Y.,iOS 14 ,7,IP5x ,se
"IPhone 12 64GB -1 წლიანი გარანტიით,განვადებით",2399,Yes ,No,2800,Yes ,LCD TFT ,Yes ,64,Yes ,No ,2,iOS ,12,4,6.1,One SIM ,Mini-SIM ,Yes ,Yes ,2020 Y.,iOS 14 ,12,IPx8 ,12
"IPhone 11 64GB -1 წლიანი გარანტიით, განვადებით",1799,Yes ,No,3100,No ,LCD TFT ,Yes ,64,Yes ,Yes ,2,iOS ,12,4,6.1,One SIM ,Nano-SIM ,Yes ,Yes ,2019 Y.,IOS 15 ,12,IP5x ,11
iPhone 11 pro max,2200,Yes ,Yes,3100,Yes ,Super Retina XDR OLED ,Yes ,64,Yes ,Yes ,3,iOS ,12,4,6.5,One SIM ,Nano-SIM ,Yes ,Yes ,2020 Y.,IOS 15 ,8,IPx6 ,11 pro
Iphone X,1050,Yes ,Yes,1500,Yes ,LCD ,Yes ,64,Yes ,Yes ,2,Android ,2,12,6.7,One SIM ,Mini-SIM ,Yes ,Yes ,2019 Y.,Froyo (2.2–2.2.3) ,1,MIL-STD-810D ,x
Iphone 12 Pro,3000,Yes ,Yes,4400,Yes ,,Yes ,64,Yes ,Yes ,3,iOS ,12,4,6.7,One SIM ,Nano-SIM ,Yes ,Yes ,,,13,,12 pro
IPHONE 12 PRO 128BG,3100,Yes ,Yes,3000,No ,,Yes ,128,Yes ,Yes ,3,iOS ,1,4,6,Dual SIM ,Nano-SIM ,Yes ,Yes ,2020 Y.,,1,,12 pro
iPhone 8,800,No ,No,1900,No ,,Yes ,64,Yes ,No ,1,iOS ,1,4,4.7,One SIM ,Micro-SIM ,No ,Yes ,,,1,,8
iPhone 8+,1150,No ,No,2700,No ,,Yes ,64,Yes ,No ,1,iOS ,1,4,5.5,One SIM ,Nano-SIM ,No ,Yes ,2017 Y.,,1,,8+
Iphone 7 32 GB გარანტიით!,400,Yes ,No,1800,Yes ,LCD ,Yes ,32,Yes ,Yes ,2,iOS ,32,4,5,One SIM ,Micro-SIM ,Yes ,Yes ,2016 Y.,iOS 14 ,20,IPx8 ,7
Iphone 6s 64GB ამერიკიდან გარანტიით!,280,Yes ,No,1800,Yes ,Liquid Retina IPS LCD ,Yes ,64,Yes ,Yes ,2,iOS ,48,6,4,One SIM ,Micro-SIM ,Yes ,Yes ,2014 Y.,IOS 15 ,32,IPx8 ,6s
Iphone X 256GB გარანტიით იდეალური!,1200,Yes ,Yes,2200,Yes ,Super AMOLED ,Yes ,64,Yes ,Yes ,3,iOS ,41,4,5.5,One SIM ,Nano-SIM ,Yes ,Yes ,2018 Y.,IOS 15 ,48,IPx8 ,x
Iphone 11 Pro Max 64GB ახალივით!,2250,Yes ,Yes,2500,Yes ,Retina IPS LCD ,Yes ,64,Yes ,Yes ,3,iOS ,48,4,5.2,Dual SIM ,Nano-SIM ,Yes ,Yes ,2019 Y.,IOS 15 ,24,MIL-STD-810D ,11 pro
"Iphone 11 64GB Red,Black 1 წლიანი გარანტიით!",1600,Yes ,Yes,2500,No ,LCD ,Yes ,64,Yes ,Yes ,3,iOS ,64,3,5.5,One SIM ,Micro-SIM ,Yes ,Yes ,2019 Y.,IOS 15 ,32,IPx8 ,11
IPhone X 64GB,800,Yes ,No,8000,No ,Dynamic AMOLED ,Yes ,64,Yes ,Yes ,2,iOS ,2,4,5.8,One SIM ,Mini-SIM ,Yes ,Yes ,,,1,,x
iphone 7 model-1778 ახალივით სასაჩუკრე!,400,Yes ,No,2000,Yes ,LCD ,Yes ,32,Yes ,Yes ,1,iOS ,13,4,4.7,One SIM ,Nano-SIM ,Yes ,Yes ,,,8,,7
iphone 7 plus ახალივით სასაჩუკრე!,550,Yes ,No,2500,Yes ,LCD ,Yes ,32,Yes ,Yes ,2,iOS ,16,4,5.1,One SIM ,Nano-SIM ,Yes ,Yes ,,,8,,7
iPhone XS 64GB,1230,Yes ,No,3200,No ,,No ,64,Yes ,No ,2,iOS ,12,4,5.8,One SIM ,Nano-SIM ,No ,No ,2018 Y.,,1,,xs
Apple iPhone SE SIM FREE,870,Yes ,No,1900,Yes ,Liquid Retina IPS LCD ,Yes ,64,Yes ,Yes ,2,iOS ,12,3,4.7,One SIM ,Nano-SIM ,Yes ,Yes ,2020 Y.,IOS 15 ,12,,se
IPHONE 8 BLACK 64GB SIM FREE,550,Yes ,No,1900,Yes ,Liquid Retina IPS LCD ,Yes ,64,Yes ,Yes ,2,iOS ,12,2,4.7,One SIM ,Nano-SIM ,Yes ,Yes ,2019 Y.,IOS 15 ,12,,8
"iPhone SE 2020 64gb white უნაკლო, ახალივით",800,Yes ,No,2600,Yes ,LCD TFT ,Yes ,64,Yes ,Yes ,2,iOS ,16,6,4.8,One SIM ,Nano-SIM ,Yes ,Yes ,2020 Y.,IOS 15 ,8,,se
iPhone 7 128GB Sim free Jet Black.,380,Yes ,No,800,Yes ,LCD ,Yes ,128,Yes ,No ,2,iOS ,2,3,4.2,One SIM ,Nano-SIM ,Yes ,Yes ,2014 Y.,iOS 11 ,1,IPx5 ,7
iphone 12 mini,1850,Yes ,No,2700,No ,Super Retina XDR OLED ,Yes ,64,Yes ,Yes ,2,iOS ,12,4,5.7,One SIM ,Nano-SIM ,Yes ,Yes ,2020 Y.,IOS 15 ,8,,12
iPhone XR Black 64GB Simfree,1100,Yes ,Yes,3000,No ,,Yes ,64,Yes ,Yes ,2,iOS ,20,4,4.9,One SIM ,Mini-SIM ,Yes ,Yes ,,,8,,xr
iphone XS 256GB,1100,Yes ,No,2700,Yes ,AMOLED ,Yes ,256,Yes ,Yes ,3,iOS ,12,3,5.5,One SIM ,Nano-SIM ,Yes ,Yes ,2018 Y.,IOS 15 ,5,,xs
iphone 7 32GB matt black,400,Yes ,No,2300,Yes ,LCD ,Yes ,32,Yes ,Yes ,2,iOS ,12,2,4.7,One SIM ,Nano-SIM ,Yes ,Yes ,2015 Y.,IOS 15 ,5,,7
iPhone 12 Pro Max 256GB Graphite,3500,Yes ,Yes,3600,No ,,Yes ,256,Yes ,Yes ,3,iOS ,12,6,6.7,One SIM ,Nano-SIM ,No ,No ,2020 Y.,,1,,12 pro
iphone 7 32da128 gb,430,Yes ,No,1600,No ,AMOLED ,Yes ,128,Yes ,Yes ,2,iOS ,2,4,6.26,One SIM ,Micro-SIM ,Yes ,Yes ,2018 Y.,iOS 10 ,2,IPx5 ,7
"IPhone 11 Pro Max 256GB -1 წლიანი გარანტიით, განავდებით",3249,Yes ,No,3900,No ,Dynamic AMOLED ,Yes ,256,Yes ,Yes ,2,iOS ,12,4,6.5,One SIM ,Nano-SIM ,Yes ,Yes ,2019 Y.,iOS 14 ,12,IP5x ,11 pro
Iphone X 256GB,1100,Yes ,No,2700,No ,,Yes ,64,Yes ,Yes ,2,iOS ,8,4,5.8,One SIM ,Nano-SIM ,Yes ,Yes ,2017 Y.,,1,,x
iPhone SE 2020,1100,Yes ,Yes,1800,Yes ,,Yes ,64,Yes ,Yes ,1,iOS ,12,3,4.7,One SIM ,Nano-SIM ,Yes ,Yes ,2020 Y.,IOS 15 ,7,,se
iPhone 8,750,Yes ,Yes,1800,Yes ,AMOLED ,Yes ,64,Yes ,Yes ,1,iOS ,12,3,4.7,One SIM ,Nano-SIM ,Yes ,Yes ,2019 Y.,IOS 15 ,7,,8
iphone 7 model-1778 ახალივით სასაჩუკრე!,450,Yes ,No,2000,Yes ,LCD ,Yes ,32,Yes ,Yes ,1,iOS ,13,4,4.7,One SIM ,Nano-SIM ,Yes ,Yes ,,,8,,7
iphone xr 64 gb,1100,Yes ,No,5000,No ,Super Retina XDR OLED ,Yes ,64,Yes ,Yes ,1,iOS ,1,8,6.2,One SIM ,Nano-SIM ,Yes ,Yes ,2019 Y.,IOS 15 ,1,,xr
iPhone 7,380,Yes ,Yes,1900,Yes ,,Yes ,32,Yes ,Yes ,2,iOS ,12,2,4.7,One SIM ,Nano-SIM ,Yes ,Yes ,2016 Y.,,7,,7
iPhone 8,650,Yes ,No,1800,No ,,Yes ,64,Yes ,Yes ,2,iOS ,12,2,4.7,One SIM ,Nano-SIM ,Yes ,Yes ,2017 Y.,,7,,8
iPhone X,1150,Yes ,Yes,3700,Yes ,,Yes ,64,Yes ,Yes ,2,iOS ,12,3,5.8,Dual SIM ,Nano-SIM ,Yes ,Yes ,2017 Y.,,7,,x
iPhone 12 Pro,3400,Yes ,Yes,2800,Yes ,,Yes ,128,Yes ,Yes ,3,iOS ,12,6,6.1,One SIM ,Nano-SIM ,Yes ,Yes ,2020 Y.,,12,,12 pro
iPhone 7 Plus,650,Yes ,Yes,2900,Yes ,,Yes ,32,Yes ,Yes ,2,iOS ,12,3,5.5,One SIM ,Nano-SIM ,Yes ,Yes ,2016 Y.,,7,,7
iphone 6s 32gb აიფონ 6ს 32გბ,270,Yes ,No,1700,No ,IPS LCD ,Yes ,32,Yes ,Yes ,2,iOS ,12,4,4.7,One SIM ,Nano-SIM ,Yes ,Yes ,2015 Y.,IOS 15 ,5,,6s
iphone 8 64gb აიფონ 8 64გბ,600,Yes ,No,1800,Yes ,Retina IPS LCD ,Yes ,64,Yes ,Yes ,2,iOS ,12,2,4.7,One SIM ,Nano-SIM ,Yes ,Yes ,2018 Y.,IOS 15 ,7,,8
iphone 13 pro max,3700,Yes ,Yes,4300,No ,Super Retina XDR OLED ,Yes ,128,Yes ,Yes ,4,iOS ,3,4,6.7,One SIM ,Nano-SIM ,No ,Yes ,2021 Y.,,1,,13 pro max
iPhone XR,1000,Yes ,Yes,2900,No ,Super AMOLED ,Yes ,64,Yes ,Yes ,2,iOS ,1,3,6,One SIM ,Nano-SIM ,No ,Yes ,2018 Y.,,1,,xr
iPhone XS,1100,Yes ,Yes,2800,No ,Super AMOLED ,Yes ,64,Yes ,Yes ,2,iOS ,1,4,5.8,One SIM ,Nano-SIM ,Yes ,Yes ,2018 Y.,,1,IP6x ,xs
iPhone 11 Pro,1950,Yes ,Yes,3000,Yes ,,Yes ,64,Yes ,Yes ,3,iOS ,12,4,5.8,One SIM ,Nano-SIM ,Yes ,Yes ,2020 Y.,,12,,11 pro
iPhone 11 Pro Max,2350,Yes ,Yes,3900,Yes ,,Yes ,64,Yes ,Yes ,3,iOS ,12,4,6.5,One SIM ,Nano-SIM ,Yes ,Yes ,2019 Y.,,12,,11 pro
iPhone SE (2020წ.),1100,Yes ,Yes,2800,Yes ,,Yes ,64,Yes ,Yes ,2,iOS ,12,3,4.7,One SIM ,Nano-SIM ,Yes ,Yes ,2020 Y.,,7,,se
იყიდება iphone se 2020 64 gb,800,Yes ,Yes,2900,No ,,Yes ,64,Yes ,No ,1,iOS ,1,4,5,One SIM ,Nano-SIM ,No ,No ,2020 Y.,,1,,se
11 Pro Max 64 1 წლიანი გარატია განვადება კრედო,2450,Yes ,Yes,4000,Yes ,AMOLED ,Yes ,4,Yes ,Yes ,3,iOS ,12,3,5.8,One SIM ,Nano-SIM ,Yes ,Yes ,2018 Y.,IOS 15 ,12,,11 pro
iPhone 11 64GB turbo simit 1წლიანი გარანტია განვადება კრედ,1400,Yes ,No,3000,Yes ,Retina IPS LCD ,Yes ,64,Yes ,Yes ,2,iOS ,12,4,6.1,One SIM ,Nano-SIM ,Yes ,Yes ,2019 Y.,IOS 15 ,12,,11
iphone 12 pro,3300,Yes ,Yes,4555,No ,,No ,64,Yes ,No ,3,iOS ,16,12,5.45,One SIM ,Nano-SIM ,No ,No ,2021 Y.,IOS 15 ,1,,12 pro
iphone 11 აიფონი 11,1700,Yes ,Yes,1700,Yes ,LCD ,Yes ,64,Yes ,Yes ,3,iOS ,2,4,6.2,One SIM ,Nano-SIM ,Yes ,Yes ,2019 Y.,,1,,11
iphone XS MAX GOLD 89პროცენტი,1370,Yes ,Yes,2000,Yes ,AMOLED ,Yes ,64,Yes ,Yes ,2,iOS ,13,4,5.4,One SIM ,Nano-SIM ,Yes ,Yes ,2017 Y.,iOS 11 ,2,IPx7 ,xs max
iPhone XS 64Gb black sim-free,1350,Yes ,No,2400,Yes,,Yes ,64,Yes ,Yes ,3,iOS ,2,4,5.8,One SIM ,Nano-SIM ,,,2018 Y.,,1,,xs
iPhone XS 64Gb black sim-free,1350,Yes ,No,2400,Yes,,Yes ,64,Yes ,Yes ,3,iOS ,2,4,5.8,One SIM ,Nano-SIM ,,,2018 Y.,,1,,xs
iphone X,1000,Yes ,Yes,10000,Yes ,LCD ,Yes ,64,Yes ,Yes ,2,iOS ,2,12,5.6,One SIM ,Mini-SIM ,Yes ,Yes ,2018 Y.,,1,IPx8 ,x
iPhone XR 64GB Black,800,Yes ,No,3300,Yes ,LCD ,Yes ,64,Yes ,No ,1,iOS ,12,4,6.3,One SIM ,Nano-SIM ,Yes ,Yes ,2019 Y.,IOS 15 ,8,IPx7 ,xr
apple iphone Xs gold/ iphone,1100,Yes ,Yes,2000,No ,,Yes ,64,Yes ,Yes ,3,iOS ,12,4,4.7,Dual SIM ,Nano-SIM ,Yes ,Yes ,2019 Y.,,5,,xs
iPhone 7 32gb A1778 sim free,420,Yes ,No,1900,No ,LCD ,Yes ,32,Yes ,Yes ,1,iOS ,12,2,4.7,One SIM ,Nano-SIM ,Yes ,Yes ,2016 Y.,iOS 13 ,5,IP5x ,7
iPhone 7 32gb A1778 sim free,420,Yes ,No,1900,No ,LCD ,Yes ,32,Yes ,Yes ,1,iOS ,12,2,4.7,One SIM ,Nano-SIM ,Yes ,Yes ,2016 Y.,iOS 13 ,5,IP5x ,7
Iphone 11 Pro Max - ახალი !,2950,Yes ,Yes,8000,No ,,Yes ,64,Yes ,Yes ,3,iOS ,3,12,4.7,One SIM ,Nano-SIM ,No ,No ,2021 Y.,,1,,11 pro
Apple iphone 8 64gb red,650,Yes ,No,2000,No ,,Yes ,64,Yes ,No ,2,iOS ,12,4,4.7,One SIM ,Nano-SIM ,Yes ,Yes ,2018 Y.,,1,,8
iphone 7 silver 32 GB,349,Yes ,Yes,2400,No ,LCD ,Yes ,32,Yes ,Yes ,1,iOS ,12,2,4.7,One SIM ,Nano-SIM ,Yes ,Yes ,2018 Y.,IOS 15 ,5,,7
iphone 8 silver 64 GB,630,Yes ,Yes,2700,No ,,Yes ,64,Yes ,Yes ,1,iOS ,12,3,4.7,One SIM ,Nano-SIM ,Yes ,Yes ,2018 Y.,IOS 15 ,8,,8
Iphone 8Plus 64GB Sim Free GSm 4G LTe,900,Yes ,No,2400,Yes ,LCD ,Yes ,64,Yes ,Yes ,2,iOS ,12,3,5.7,One SIM ,Mini-SIM ,Yes ,Yes ,2018 Y.,iOS 13 ,5,IPx7 ,8+
GARANTIT Saswrafod iyideba iphone 6 16gb originali idealur m,180,Yes ,No,1600,Yes ,LCD ,Yes ,16,Yes ,Yes ,2,iOS ,16,2,4.7,One SIM ,Nano-SIM ,Yes ,Yes ,2015 Y.,iOS 11 ,13,IPx8 ,6
იყიდება iphone 11 pro mindight green 64 GB,2450,No ,No,1200,No ,,Yes ,64,Yes ,No ,3,iOS ,3,4,5.3,Dual SIM ,Nano-SIM ,No ,No ,2019 Y.,,1,,11 pro
Apple iPhone XS 64 Gb white sim free ყუთით და აქსესუარებით,1350,Yes ,No,2900,Yes ,Super Retina XDR OLED ,Yes ,64,Yes ,Yes ,2,iOS ,12,4,6,One SIM ,Mini-SIM ,Yes ,Yes ,2018 Y.,,8,,xs
Apple iphone Xs Max 64GB არჩევით,1350,Yes ,No,3200,No ,,Yes ,64,Yes ,Yes ,2,iOS ,12,4,6.5,One SIM ,Nano-SIM ,Yes ,Yes ,2018 Y.,,1,,xs max
iPhone 7 32gb simFree,400,Yes ,No,2000,No ,,Yes ,32,Yes ,Yes ,1,iOS ,12,4,4.7,One SIM ,Nano-SIM ,Yes ,Yes ,2019 Y.,,8,,7
Iphone 8 64GB Simfree,600,Yes ,No,2000,No ,,Yes ,64,Yes ,Yes ,1,iOS ,12,4,4.7,One SIM ,Nano-SIM ,Yes ,Yes ,2019 Y.,,8,,8
იყიდებ Iphone 5c 5,40,Yes ,No,500,Yes ,LCD ,Yes ,4,No ,Yes ,1,iOS ,1,1,3.5,One SIM ,Mini-SIM ,Yes ,Yes ,2016 Y.,Gingerbread (2.3–2.3.7) ,1,IP5x ,5c
Iphone 6S 16Gb Sim Free GsM,220,Yes ,No,1800,Yes ,LCD ,Yes ,16,Yes ,Yes ,2,iOS ,12,1.5,4.3,One SIM ,Mini-SIM ,Yes ,Yes ,2018 Y.,iOS 12 ,8,IPx6 ,6s
Iphone 6s LCd 100% ორიგინალი,65,Yes ,No,2300,No ,LCD ,Yes ,64,Yes ,Yes ,2,iOS ,13,4,5.5,One SIM ,Mini-SIM ,Yes ,Yes ,2018 Y.,IOS 15 ,8,IPx6 ,6s
iphone 5C T-mobile,50,Yes ,No,1600,No ,LCD ,Yes ,16,Yes ,Yes ,2,iOS ,12,0.5,4,One SIM ,Mini-SIM ,Yes ,Yes ,2018 Y.,iOS 12 ,8,IPx7 ,5c
iphone 8 Plus 64gB Sim Free 4G LTE,650,Yes ,No,2400,No ,LCD ,Yes ,64,Yes ,Yes ,2,iOS ,12,3,5.5,One SIM ,Mini-SIM ,No ,Yes ,2018 Y.,IOS 15 ,8,IPx7 ,8
Iphone 8,850,Yes ,No,1600,No ,IPS LCD ,Yes ,64,Yes ,No ,1,iOS ,2,4,5.45,One SIM ,Micro-SIM ,Yes ,Yes ,2021 Y.,iOS 8 ,1,IPx8 ,8
იყიდება Iphone 6s 64GB,300,Yes ,No,1700,No ,IPS LCD ,Yes ,64,Yes ,No ,1,iOS ,1,4,4.7,One SIM ,Nano-SIM ,No ,Yes ,2015 Y.,,2,,6s
iPhone X,1099,Yes ,No,5000,Yes ,AMOLED ,Yes ,64,Yes ,Yes ,2,iOS ,1,4,5.9,One SIM ,Nano-SIM ,No ,Yes ,2019 Y.,IOS 15 ,1,MIL-STD-810D ,x
Iphone x,450,Yes ,No,800,Yes ,Foldable Dynamic AMOLED ,Yes ,64,Yes ,Yes ,2,iOS ,2,4,5,One SIM ,Nano-SIM ,Yes ,Yes ,2018 Y.,iOS 11 ,2,IPx5 ,x
IPHONE 8. 64GB GOLD,550,Yes ,No,1800,No ,,Yes ,64,Yes ,No ,1,iOS ,12,2,4.7,One SIM ,Micro-SIM ,,,2020 Y.,,7,,8
iphone 12 pro,1200,No ,Yes,4500,Yes,,No ,128,No ,No ,3,iOS ,48,6,6,One SIM ,Nano-SIM ,,,,,1,,12 pro
Iphone 7,300,Yes ,No,2000,No ,,Yes ,32,Yes ,Yes ,2,iOS ,12,2,4.7,One SIM ,Nano-SIM ,Yes ,Yes ,2019 Y.,,8,,7
iPhone 6s,200,Yes ,No,1700,Yes ,,Yes ,16,Yes ,No ,2,iOS ,1,4,3,One SIM ,Mini-SIM ,Yes ,Yes ,2016 Y.,,1,,6s
Iphone 6,220,Yes ,No,1800,No ,IPS LCD ,Yes ,16,Yes ,No ,1,iOS ,12,2,4.7,One SIM ,Nano-SIM ,Yes ,Yes ,2014 Y.,iOS 12 ,1,IPx5 ,6
iPhone 6s 32GB,150,Yes ,No,1200,Yes ,,Yes ,32,Yes ,Yes ,1,iOS ,13,3,5.5,One SIM ,Micro-SIM ,Yes ,Yes ,,,1,,6s
IPhone 11 Pro Max იყიდება,2000,Yes ,No,3900,No ,Super Retina XDR OLED ,Yes ,64,Yes ,Yes ,3,iOS ,3,4,6.5,One SIM ,Nano-SIM ,Yes ,Yes ,2019 Y.,iOS 14 ,2,IPx8 ,11 pro
იყიდება iPhone XS 64GB Space Gray,1150,Yes ,No,2700,No ,Super Retina XDR OLED ,Yes ,64,Yes ,Yes ,2,iOS ,12,4,5.8,One SIM ,Nano-SIM ,Yes ,Yes ,2018 Y.,IOS 15 ,7,IP6x ,xs
იყიდება iPhone XS 64GB Gold,1000,Yes ,No,2700,No ,Super Retina XDR OLED ,Yes ,64,Yes ,Yes ,2,iOS ,12,4,5.8,One SIM ,Nano-SIM ,Yes ,Yes ,2018 Y.,IOS 15 ,7,IP6x ,xs
Iphone 4s,80,Yes ,No,2500,Yes ,LCD ,No ,8,No ,No ,1,iOS ,1,2,4,One SIM ,Micro-SIM ,Yes ,No ,2012 Y.,iOS 9 ,1,,4s
iPhone XS აიფონ 10s,1000,Yes ,No,2800,Yes ,Super AMOLED ,Yes ,64,Yes ,Yes ,3,iOS ,12,8,5.8,One SIM ,Nano-SIM ,Yes ,Yes ,2018 Y.,IOS 15 ,8,,xs
iPhone 6 32GB,500,Yes ,No,2000,Yes ,LCD ,Yes ,32,Yes ,No ,1,iOS ,1,2,4.7,One SIM ,Mini-SIM ,No ,Yes ,2017 Y.,IOS 15 ,1,,6
Iphone Xs,550,Yes ,Yes,2400,Yes ,,Yes ,64,Yes ,Yes ,2,iOS ,2,8,6.67,One SIM ,Mini-SIM ,Yes ,Yes ,2018 Y.,iOS 11 ,1,,xs
Iphone 3 gs,80,Yes ,No,2500,Yes ,LCD ,Yes ,4,No ,No ,1,iOS ,1,2,3.5,One SIM ,Mini-SIM ,Yes ,Yes ,2010 Y.,iOS 6 ,1,,3 gs
"Iphone 6s, 32 gb",300,Yes ,Yes,800,No ,,No ,32,Yes ,No ,2,iOS ,5,4,4.2,One SIM ,Nano-SIM ,,,2011 Y.,,1,,6s
iphone 7 plus 32 GB,650,Yes ,No,2100,No ,,Yes ,64,Yes ,Yes ,2,iOS ,2,4,5.7,One SIM ,Nano-SIM ,No ,Yes ,2017 Y.,,1,,7
იყიდება მეორადი Iphone 8 plus თეთრი,550,No ,Yes,1000,No ,,Yes ,64,Yes ,No ,2,iOS ,3,4,5.5,One SIM ,Mini-SIM ,Yes ,Yes ,2017 Y.,,1,,8
iphone x,450,Yes ,Yes,2300,Yes,,Yes ,256,Yes ,Yes ,3,iOS ,32,4,6,One SIM ,Mini-SIM ,,,,,2,,x
მობილური iphone 6,250,Yes ,Yes,1500,No ,,Yes ,64,Yes ,Yes ,1,iOS ,1,1,5.1,One SIM ,Nano-SIM ,No ,Yes ,2015 Y.,iOS 13 ,1,,6
მობილური iphone 7,400,Yes ,Yes,1500,No ,LCD ,Yes ,64,Yes ,No ,1,iOS ,2,4,5.1,One SIM ,Micro-SIM ,Yes ,Yes ,,,1,,7
Iphone 7,350,Yes ,No,2700,No ,LCD ,Yes ,32,Yes ,Yes ,1,iOS ,8,4,4,One SIM ,Micro-SIM ,Yes ,Yes ,,iOS 12 ,5,,7
Impone 6 გამოგადგებათ ნაწილებადაც!,100,Yes ,No,1500,No ,,No ,16,Yes ,No ,2,iOS ,1,2,4,One SIM ,Nano-SIM ,Yes ,Yes ,2014 Y.,,1,,6
იყიდება შავი Iphone 8 plus,950,Yes ,Yes,1000,No ,,No ,64,Yes ,No ,1,iOS ,2,4,5.5,One SIM ,Mini-SIM ,No ,Yes ,2019 Y.,,1,,8
Iphone 5s gold,160,Yes ,No,1900,Yes ,LCD ,Yes ,16,Yes ,Yes ,1,iOS ,1,1,3.5,One SIM ,Mini-SIM ,Yes ,Yes ,2013 Y.,iOS 11 ,1,IP5x ,5s
Iphone 12 Pro Max,1000,Yes ,Yes,1100,Yes ,AMOLED ,Yes ,8,Yes ,No ,0,iOS ,13,0.5,3,Dual SIM ,Nano-SIM ,Yes ,Yes ,,--- ,1,,12 pro
iphone 12 pro graphite 128 gb,2950,Yes ,Yes,4100,No ,,Yes ,64,Yes ,Yes ,2,iOS ,12,4,4.4,One SIM ,Nano-SIM ,No ,Yes ,2020 Y.,,8,,12 pro
APPLE IPHONE 7 32GB ID: 163191-2,350,Yes ,No,2000,No ,IPS LCD ,Yes ,32,Yes ,Yes ,1,iOS ,12,2,4.5,One SIM ,Nano-SIM ,Yes ,Yes ,2016 Y.,iOS 14 ,5,,7
APPLE IPHONE X 64GB ID: 163007-2,950,Yes ,No,2800,No ,Super Retina XDR OLED ,Yes ,64,Yes ,Yes ,2,iOS ,12,3,5.9,One SIM ,Nano-SIM ,Yes ,Yes ,2017 Y.,iOS 14 ,7,,x
APPLE IPHONE 8 64GB ID:161978-2,550,Yes ,No,1900,No ,IPS LCD ,Yes ,64,Yes ,Yes ,1,iOS ,12,2,4.7,One SIM ,Nano-SIM ,Yes ,Yes ,2017 Y.,iOS 14 ,7,,8
11 პრო,2100,Yes ,No,3200,Yes,,Yes ,64,Yes ,Yes ,3,iOS ,1,4,5.8,Dual SIM ,Nano-SIM ,,,2019 Y.,,1,,11
APPLE IPHONE 12 128GB ID: 161361-2,2300,Yes ,Yes,2900,No ,Super Retina XDR OLED ,Yes ,128,Yes ,Yes ,2,iOS ,12,4,6.15,One SIM ,Nano-SIM ,Yes ,Yes ,2020 Y.,IOS 15 ,12,,12
Iphone 7 ( 32GB),480,No ,No,1000,No ,,Yes ,64,Yes ,No ,2,iOS ,1,4,4.7,One SIM ,Micro-SIM ,Yes ,Yes ,,,1,,7
APPLE IPHONE 7 32GB ID: 160881-2,270,Yes ,No,2000,No ,Retina IPS LCD ,Yes ,32,Yes ,Yes ,1,iOS ,12,2,4.7,One SIM ,Nano-SIM ,Yes ,Yes ,2016 Y.,iOS 14 ,5,,7
Iphone 8 ( 64GB),350,Yes ,No,1100,No ,,Yes ,64,Yes ,No ,2,iOS ,1,4,4.7,One SIM ,Micro-SIM ,Yes ,Yes ,,,1,,8
iphone 6s,180,Yes ,Yes,1700,No ,IPS LCD ,Yes ,16,Yes ,Yes ,1,iOS ,12,2,4.7,One SIM ,Nano-SIM ,Yes ,Yes ,2016 Y.,,1,,6s
iphone 7 128GB,470,Yes ,Yes,7000,No ,Retina IPS LCD ,Yes ,128,Yes ,Yes ,2,iOS ,12,4,4.7,One SIM ,Mini-SIM ,No ,Yes ,2019 Y.,IOS 15 ,5,,7
iPhone 12 Pro 256GB ბათუმი,3150,Yes ,Yes,3800,No ,Super Retina XDR OLED ,Yes ,64,Yes ,Yes ,3,iOS ,12,4,6.1,One SIM ,Nano-SIM ,Yes ,Yes ,2020 Y.,,1,,12 pro
iphone 5s,90,Yes ,No,1600,No ,,Yes ,16,Yes ,No ,2,iOS ,8,1,4,One SIM ,Nano-SIM ,Yes ,Yes ,2013 Y.,,2,,5s
Iphone 6s,230,Yes ,Yes,2400,Yes ,AMOLED ,Yes ,16,Yes ,Yes ,2,iOS ,16,3,5.1,One SIM ,Nano-SIM ,Yes ,Yes ,2019 Y.,IOS 15 ,5,IP6x ,6s
იყიდება Iphone 8,600,Yes ,No,4000,Yes ,IPS ,Yes ,64,Yes ,No ,1,iOS ,1,4,5.2,One SIM ,Mini-SIM ,Yes ,Yes ,2018 Y.,IOS 15 ,1,IPx5 ,8
iPhone 6s 16GB Sim Free,250,Yes ,No,2300,Yes ,,Yes ,16,Yes ,Yes ,1,iOS ,13,4,5,One SIM ,Nano-SIM ,Yes ,Yes ,2018 Y.,IOS 15 ,8,,6s
iphone 8 pluse 64 gb,819,No ,No,3000,Yes ,LCD ,Yes ,64,Yes ,Yes ,2,iOS ,13,3,6.67,One SIM ,Nano-SIM ,Yes ,Yes ,2018 Y.,,8,,8
IPHONE 12,2800,Yes ,No,600,Yes ,IPS ,Yes ,64,Yes ,Yes ,2,iOS ,2,12,4.1,One SIM ,Mini-SIM ,Yes ,Yes ,2020 Y.,IOS 15 ,1,IPx5 ,12
iphone 7 128 gb,450,Yes ,No,2000,Yes ,IPS ,Yes ,128,Yes ,Yes ,2,iOS ,1,4,5.2,One SIM ,Mini-SIM ,Yes ,Yes ,2021 Y.,IOS 15 ,1,IP5x ,7
Iphone xs max,1280,Yes ,No,1500,No ,TFT ,Yes ,64,Yes ,No ,2,iOS ,1,4,4.1,One SIM ,Micro-SIM ,Yes ,Yes ,2016 Y.,iOS 11 ,1,IPx6 ,xs max
Iphone 11 pro 64Gb 93% battery,2150,Yes ,No,3100,Yes ,Super AMOLED ,Yes ,64,Yes ,Yes ,3,iOS ,3,4,5.8,One SIM ,Micro-SIM ,Yes ,Yes ,2019 Y.,,1,IPx6 ,11 pro
iphon X,1050,Yes ,Yes,800,Yes ,IPS LCD ,Yes ,32,Yes ,Yes ,2,iOS ,2,2,4.2,One SIM ,Mini-SIM ,No ,Yes ,2018 Y.,Marshmallow (6.0–6.0.1) ,1,IPx5 ,x
Iphon 8,674.2162162,Yes ,No,6000,No ,,Yes ,64,Yes ,Yes ,2,iOS ,8,4,5.71,One SIM ,Mini-SIM ,Yes ,Yes ,2019 Y.,iOS 11 ,5,,8
IPhone SE 2020 64 GB,850,Yes ,Yes,1800,Yes ,,Yes ,64,Yes ,No ,2,iOS ,1,4,5.4,One SIM ,Nano-SIM ,Yes ,Yes ,2020 Y.,,1,,se
iphone 11 64gb,1500,Yes ,No,3000,No ,,Yes ,64,Yes ,No ,2,iOS ,2,4,6.09,One SIM ,Mini-SIM ,Yes ,Yes ,,,1,,11
"იყიდება IPhone 7 Rose Gold, 128 GB",450,Yes ,No,1200,Yes ,,Yes ,128,Yes ,No ,2,iOS ,2,8,4.2,One SIM ,Nano-SIM ,Yes ,Yes ,,iOS 14 ,1,IP5x ,7
Iphone 11,1800,Yes ,No,3100,No ,,Yes ,64,Yes ,Yes ,2,iOS ,12,4,6.1,One SIM ,Nano-SIM ,Yes ,Yes ,2019 Y.,IOS 15 ,24,,11
Iphone 7 (32GB),450,Yes ,Yes,1000,No ,,Yes ,64,Yes ,No ,2,iOS ,1,4,4.9,One SIM ,Micro-SIM ,No ,No ,,,1,,7
Iphone 6,200,Yes ,Yes,500,No ,TFT ,Yes ,64,Yes ,Yes ,1,iOS ,1,12,3,One SIM ,Mini-SIM ,Yes ,Yes ,,Froyo (2.2–2.2.3) ,1,IP5x ,6
Iphone XR 128gb,950,Yes ,No,1600,No ,,Yes ,128,Yes ,No ,1,iOS ,12,4,6,One SIM ,Nano-SIM ,,,2019 Y.,,1,,xr
IPHONE XS PRO MAX 512 GB შავი,1500,Yes ,No,3100,No ,Super Retina XDR OLED ,Yes ,512,Yes ,Yes ,4,iOS ,12,4,6.5,Dual SIM ,Nano-SIM ,Yes ,Yes ,2018 Y.,,7,IPx8 ,xs pro
Iphone 6s,250,Yes ,No,1700,No ,IPS LCD ,Yes ,32,Yes ,Yes ,1,iOS ,12,2,4.7,One SIM ,Nano-SIM ,Yes ,Yes ,2015 Y.,IOS 15 ,1,,6s
iphone 11 pro max,2300,No ,No,5500,Yes,,No ,64,Yes ,No ,3,iOS ,3,6,6.26,Dual SIM ,Nano-SIM ,,,2021 Y.,,2,,11 pro
iphone x 256 gb აიფონ x 256 გბ,1000,Yes ,No,1100,No ,,Yes ,256,Yes ,Yes ,2,iOS ,12,4,6.7,One SIM ,Nano-SIM ,Yes ,Yes ,2020 Y.,IOS 15 ,1,,x
iphone 7 32gb,380,Yes ,No,2000,No ,LCD ,Yes ,64,Yes ,Yes ,1,iOS ,12,4,4.7,One SIM ,Nano-SIM ,Yes ,Yes ,,,5,,7
iphone 6s 32gb,320,Yes ,No,2100,No ,IPS ,Yes ,32,Yes ,Yes ,2,iOS ,13,4,4.7,One SIM ,Nano-SIM ,Yes ,Yes ,,,8,,6s
iphone 6s 16gb,300,Yes ,No,2000,No ,IPS LCD ,Yes ,16,Yes ,Yes ,2,iOS ,13,4,4.7,One SIM ,Nano-SIM ,Yes ,Yes ,,IOS 15 ,8,,6s
iphone 6s 16gb,280,Yes ,No,2100,No ,Retina IPS LCD ,Yes ,16,Yes ,Yes ,2,iOS ,13,4,4.7,One SIM ,Nano-SIM ,Yes ,Yes ,,,5,,6s
iphone 5c 16gb,140,Yes ,No,1900,Yes ,LCD ,Yes ,16,Yes ,No ,1,iOS ,5,1,4,One SIM ,Nano-SIM ,Yes ,Yes ,,iOS 10 ,5,,5c
iphone 5 32GB,150,Yes ,No,1800,No ,IPS ,Yes ,32,Yes ,No ,1,iOS ,5,1,4,One SIM ,Nano-SIM ,Yes ,Yes ,,iOS 10 ,5,IP5x ,5
iPhone XS 256 GB Gold გაბზარულია უკან,1000,Yes ,No,2600,No ,Super Retina XDR OLED ,Yes ,256,Yes ,Yes ,2,iOS ,12,4,5.8,Dual SIM ,Nano-SIM ,Yes ,Yes ,2018 Y.,IOS 15 ,7,IPx8 ,xs
iphone xs max,1300,Yes ,No,3300,,,Yes ,64,Yes ,Yes ,2,iOS ,2,4,6.7,Dual SIM ,Nano-SIM ,,,2019 Y.,,1,,xs max
APPLE IPHONE XS 64GB ID: 163260-4,1150,Yes ,No,2700,No ,Super Retina XDR OLED ,Yes ,64,Yes ,Yes ,2,iOS ,12,4,5.8,One SIM ,Nano-SIM ,Yes ,Yes ,2018 Y.,iOS 14 ,7,,xs
iphone 12 pro max,2800,Yes ,Yes,3600,No ,,Yes ,256,Yes ,Yes ,3,iOS ,12,6,6.7,One SIM ,Nano-SIM ,Yes ,Yes ,2020 Y.,,1,,12 pro
iPhone 6 16 GB განვადებათბს საქართველო კრედო ბანკი,270,Yes ,No,1700,Yes ,LCD ,Yes ,16,Yes ,Yes ,1,iOS ,12,1,4.7,One SIM ,Nano-SIM ,Yes ,Yes ,2016 Y.,IOS 15 ,12,,6
"iPhone 8 64GB 1წლიანი გარანტია, განვადება კრედო,",800,Yes ,No,1800,Yes ,LCD ,Yes ,64,Yes ,Yes ,1,iOS ,12,2,4.7,One SIM ,Nano-SIM ,Yes ,Yes ,2017 Y.,iOS 14 ,8,,8
იყიდება Iphone 6,150,Yes ,Yes,1800,,,Yes ,16,Yes ,Yes ,2,iOS ,8,1,4.7,One SIM ,Nano-SIM ,,,2014 Y.,,1,,6
iphone 4s iafad,50,Yes ,No,1500,No ,,No ,16,No ,No ,2,iOS ,8,0.5,3.5,One SIM ,Micro-SIM ,Yes ,Yes ,2011 Y.,,1,,4s
იყიდება Iphone 6,180,Yes ,Yes,9000,,,Yes ,16,Yes ,Yes ,2,iOS ,8,1,4.7,One SIM ,Nano-SIM ,,,,,1,,6
iphone 5 16 GB uproblemo,90,Yes ,No,1500,No ,,Yes ,16,Yes ,No ,2,iOS ,8,1,4,One SIM ,Nano-SIM ,Yes ,Yes ,2012 Y.,,2,,5
iphone 6s,200,Yes ,No,1700,No ,,No ,64,No ,No ,2,iOS ,12,3,4.7,One SIM ,Nano-SIM ,,,,,1,,6s
iPhone 6 16 GB,150,Yes ,No,1800,No ,,Yes ,64,Yes ,Yes ,2,iOS ,1,4,4.7,One SIM ,Nano-SIM ,Yes ,Yes ,2014 Y.,,1,,6
"IPhone 8 64 GB -1 წლიანი გარანტიით, განავდებით",1000,Yes ,No,1800,No ,LCD TFT ,Yes ,64,Yes ,Yes ,2,iOS ,12,2,4.7,One SIM ,Nano-SIM ,Yes ,Yes ,2017 Y.,iOS 14 ,7,IP5x ,8
"IPhone XR 64GB -1 წლიანი გარანტიით,განავდებით",999,Yes ,No,1800,Yes ,LCD ,Yes ,64,Yes ,Yes ,2,iOS ,12,3,5.8,One SIM ,Nano-SIM ,Yes ,Yes ,2018 Y.,IOS 15 ,12,IP6x ,xr
"Apple Iphone 11 Pro 256GB -1 წლიანი გარანტიით, განვადებით",2649,Yes ,No,3000,No ,Dynamic AMOLED ,Yes ,256,Yes ,Yes ,2,iOS ,12,4,5.8,One SIM ,Nano-SIM ,Yes ,Yes ,2019 Y.,iOS 14 ,12,IP5x ,11 pro
"IPhone X 64GB -1 წლიანი გარანტიით,განვადებით",1399,Yes ,No,2700,Yes ,Dynamic AMOLED ,Yes ,64,Yes ,Yes ,2,iOS ,12,3,5.8,One SIM ,Nano-SIM ,Yes ,Yes ,2017 Y.,IOS 15 ,7,IPx7 ,x
"IPhone X 64GB -1 წლიანი გარანტიით, განვდებით",999,Yes ,No,2700,Yes ,Dynamic AMOLED ,Yes ,64,Yes ,Yes ,2,iOS ,12,3,5.8,One SIM ,Nano-SIM ,Yes ,Yes ,2017 Y.,IOS 15 ,7,IPx6 ,x
"IPhone X 64GB -1 წლიანი გარანტიით, განვადებით",1299,Yes ,No,2700,Yes ,Dynamic AMOLED ,Yes ,64,Yes ,Yes ,2,iOS ,12,3,5.8,One SIM ,Nano-SIM ,Yes ,Yes ,2017 Y.,IOS 15 ,7,IPx7 ,x
"IPhone 8 64GB -1 წლიანი გარანტიით, განვადებით",949,Yes ,No,1800,Yes ,LCD TFT ,Yes ,64,Yes ,Yes ,2,iOS ,12,2,4.7,One SIM ,Nano-SIM ,Yes ,Yes ,2017 Y.,iOS 14 ,7,IP5x ,8
"IPhone 8 64GB GOLD -1 წლიანი გარანტიით, განვადებით",899,Yes ,No,1800,Yes ,LCD TFT ,Yes ,64,Yes ,Yes ,2,iOS ,12,2,4.7,One SIM ,Nano-SIM ,Yes ,Yes ,2017 Y.,iOS 14 ,7,IP5x ,8
iphone 7 dazianebulia,170,Yes ,No,2000,No ,,Yes ,32,Yes ,Yes ,2,iOS ,12,2,4.7,One SIM ,Nano-SIM ,Yes ,Yes ,2016 Y.,,7,,7
saswrafod!!! iphone 6 plus sim free,180,Yes ,No,3000,No ,,Yes ,16,Yes ,Yes ,2,iOS ,8,1,5.5,One SIM ,Nano-SIM ,Yes ,Yes ,2014 Y.,,5,,6
"IPhone X 64GB -1 წლიანი გარანტიით, განვადებით",1399,Yes ,No,2700,Yes ,Dynamic AMOLED ,Yes ,64,Yes ,Yes ,2,iOS ,12,3,5.8,One SIM ,Nano-SIM ,Yes ,Yes ,2018 Y.,IOS 15 ,7,IPx7 ,x
Apple 8 Plus 64GB - 1 წლიანი გარანტიით განვადებით,1199,Yes ,No,2600,No ,LTPS IPS LCD ,Yes ,64,Yes ,Yes ,2,iOS ,12,3,5.5,One SIM ,Nano-SIM ,Yes ,Yes ,2017 Y.,iOS 14 ,7,IPx8 ,8+
"IPhone Xs Max 512GB -1 წლიანი გარანტიით, განვადებით",2499,Yes ,No,3000,Yes ,Dynamic AMOLED ,Yes ,512,Yes ,Yes ,2,iOS ,12,4,6.5,One SIM ,Nano-SIM ,Yes ,Yes ,2018 Y.,iOS 14 ,7,IPx8 ,xs max
"IPhone 11 Pro max 64GB -1წლიანი გარანტიით, განვადებით",2949,Yes ,Yes,3900,Yes ,Dynamic AMOLED ,Yes ,64,Yes ,Yes ,2,iOS ,12,4,6.5,One SIM ,Nano-SIM ,Yes ,Yes ,2019 Y.,iOS 14 ,7,IP5x ,11 pro
"IPhone 6S 32 GB - 1 წლიანი განვადებით, გარანტიით",420,Yes ,No,1700,Yes ,LCD TFT ,Yes ,32,Yes ,Yes ,2,iOS ,12,2,4.7,One SIM ,Nano-SIM ,Yes ,Yes ,2015 Y.,iOS 13 ,5,IP5x ,6s
"IPhone 11 Pro Max 64 GB - 1 წლიანი გარანტიით, განავდებით",2799,Yes ,No,3900,No ,Dynamic AMOLED ,Yes ,64,Yes ,No ,2,iOS ,12,4,6.5,One SIM ,Nano-SIM ,Yes ,Yes ,2019 Y.,iOS 13 ,12,IP5x ,11 pro
"IPhone 6S Plus 64 GB -1 წლიანი გარანტიით, განვადებით",699,Yes ,No,2700,No ,LCD TFT ,Yes ,64,Yes ,Yes ,2,iOS ,12,2,5.5,One SIM ,Nano-SIM ,Yes ,Yes ,2015 Y.,iOS 13 ,7,IP5x ,6s
IPhone XS 64GB -1 წლიანი გარანტიით,1599,Yes ,No,2600,No ,Dynamic AMOLED ,Yes ,64,Yes ,Yes ,2,iOS ,12,4,5.8,One SIM ,Nano-SIM ,Yes ,Yes ,2019 Y.,iOS 14 ,7,IP5x ,xs
"IPhone XS 64GB -1 წლიანი გარანტიით, განვადებით",1599,Yes ,No,2700,No ,Dynamic AMOLED ,Yes ,64,Yes ,Yes ,2,iOS ,12,3,5.8,One SIM ,Nano-SIM ,Yes ,Yes ,2018 Y.,IOS 15 ,7,IPx7 ,xs
"IPhone 6 Plus 16 GB -1 წლიანი გარანტიით, განვადებით",499,Yes ,No,2900,No ,LCD TFT ,Yes ,16,Yes ,Yes ,2,iOS ,8,1,5.5,One SIM ,Nano-SIM ,Yes ,Yes ,2016 Y.,iOS 12 ,1,IP5x ,6
iphone 11,1400,Yes ,No,3400,Yes ,,Yes ,64,Yes ,Yes ,2,iOS ,2,4,6.26,One SIM ,Micro-SIM ,Yes ,Yes ,2019 Y.,,1,,11
iPhone XS,1300,Yes ,No,3000,No ,Super Retina XDR OLED ,Yes ,64,Yes ,Yes ,2,iOS ,12,4,6.1,Dual SIM ,Nano-SIM ,Yes ,Yes ,2019 Y.,IOS 15 ,5,IP5x ,xs
iPhone 7,350,Yes ,No,1900,Yes ,LCD ,Yes ,128,Yes ,Yes ,2,iOS ,12,2,4.7,One SIM ,Nano-SIM ,Yes ,Yes ,2019 Y.,iOS 14 ,5,,7
Iphone Xs,1350,Yes ,Yes,2600,Yes ,AMOLED ,Yes ,64,Yes ,Yes ,1,iOS ,12,4,6,One SIM ,Nano-SIM ,Yes ,Yes ,2019 Y.,iOS 14 ,1,IPx5 ,xs
Iphone 12 pro max,3300,Yes ,Yes,3700,Yes ,Super Retina XDR OLED ,Yes ,128,Yes ,Yes ,3,iOS ,12,6,6.7,One SIM ,Nano-SIM ,Yes ,Yes ,2020 Y.,iOS 14 ,12,IPx8 ,12 pro
Iphone 12 .,2400,Yes ,Yes,2800,Yes ,Super Retina XDR OLED ,Yes ,64,Yes ,Yes ,2,iOS ,12,4,6.1,One SIM ,Nano-SIM ,Yes ,Yes ,2020 Y.,,12,IP6x ,12
Iphone 11 pro,2300,Yes ,Yes,3100,Yes ,Super AMOLED ,Yes ,64,Yes ,Yes ,3,iOS ,12,4,6.5,One SIM ,Nano-SIM ,Yes ,Yes ,2020 Y.,,8,IP6x ,11 pro
iPhone 7 32 Gb,500,No ,No,1700,Yes ,IPS ,Yes ,32,Yes ,Yes ,1,iOS ,1,2,4.7,One SIM ,Nano-SIM ,Yes ,Yes ,2019 Y.,iOS 14 ,1,IPx8 ,7
iPhone 8 Plus 64GB Gold,800,No ,No,2900,,,No ,64,Yes ,No ,2,iOS ,13,4,5.5,One SIM ,Nano-SIM ,,,2019 Y.,,8,,8
iPhone 12 Pro MAX 256GB,3100,Yes ,Yes,4300,No ,Super Retina XDR OLED ,Yes ,256,Yes ,Yes ,3,iOS ,12,6,6.67,Dual SIM ,Nano-SIM ,Yes ,Yes ,2020 Y.,,8,IPx8 ,12 pro
iPhone X 64 GB,750,Yes ,Yes,2700,No ,,Yes ,64,Yes ,No ,2,iOS ,2,4,5.8,One SIM ,Nano-SIM ,No ,Yes ,2017 Y.,,1,,x
iphone 5s არ ირთვება,30,Yes ,No,1300,No ,LCD ,Yes ,16,Yes ,No ,2,iOS ,1,2,4.2,One SIM ,Nano-SIM ,Yes ,Yes ,2012 Y.,iOS 11 ,1,IP5x ,5s
Apple Iphone 11 pro max 64GB gold,2300,Yes ,No,3200,Yes ,Super AMOLED ,Yes ,64,Yes ,Yes ,3,iOS ,3,4,6.7,One SIM ,Mini-SIM ,Yes ,Yes ,2019 Y.,IOS 15 ,2,IP5x ,11 pro
Apple Iphone 11 pro max 64GB gold,2300,Yes ,No,3200,Yes ,Super AMOLED ,Yes ,64,Yes ,Yes ,3,iOS ,3,4,6.7,One SIM ,Mini-SIM ,Yes ,Yes ,2019 Y.,IOS 15 ,2,IP5x ,11 pro
Apple Iphone 11 pro 256GB,2300,Yes ,No,2400,Yes ,Super AMOLED ,Yes ,256,Yes ,Yes ,3,iOS ,3,4,5.8,One SIM ,Mini-SIM ,Yes ,Yes ,2019 Y.,IOS 15 ,1,IP5x ,11 pro
iPhone 7 32 gb sim free,400,Yes ,Yes,2000,Yes ,LCD TFT ,Yes ,32,Yes ,Yes ,1,iOS ,20,4,4,One SIM ,Nano-SIM ,Yes ,Yes ,2018 Y.,iOS 14 ,13,,7
iPhone X 64GB Sim Free,1100,Yes ,Yes,3500,Yes ,Dynamic AMOLED ,Yes ,64,Yes ,Yes ,2,iOS ,48,8,5,One SIM ,Nano-SIM ,Yes ,Yes ,2018 Y.,iOS 14 ,20,,x
iphone 11 Pro,2050,Yes ,No,3100,No ,Super Retina XDR OLED ,Yes ,64,Yes ,Yes ,3,iOS ,12,4,5.8,Dual SIM ,Nano-SIM ,Yes ,Yes ,2020 Y.,IOS 15 ,12,IPx8 ,11 pro
Iphone 11 green 64gb,1550,Yes ,Yes,700,Yes ,LCD ,Yes ,4,Yes ,Yes ,1,Feature phones ,2,0.5,4,One SIM ,Nano-SIM ,Yes ,Yes ,2000 Y.,,1,IP5x ,11
Apple iPhone 6s 32GB,270,Yes ,No,1800,No ,Retina IPS LCD ,Yes ,32,Yes ,No ,1,iOS ,12,4,4.7,One SIM ,Nano-SIM ,Yes ,Yes ,2016 Y.,IOS 15 ,7,,6s
IPHONE 11 PRO MAX 646GB Space Gray 91%,2450,Yes ,No,4000,No ,Super Retina XDR OLED ,Yes ,64,Yes ,Yes ,3,iOS ,12,4,6.5,One SIM ,Nano-SIM ,Yes ,Yes ,2020 Y.,IOS 15 ,12,,11 pro
IPHONE X 64GB Silver 96%,1000,Yes ,No,2800,No ,Super Retina XDR OLED ,Yes ,64,Yes ,Yes ,2,iOS ,12,4,5.8,One SIM ,Nano-SIM ,Yes ,Yes ,2018 Y.,IOS 15 ,7,,x
IPHONE 8 64GB Red,600,Yes ,No,2000,No ,Retina IPS LCD ,Yes ,64,Yes ,Yes ,1,iOS ,12,4,4.7,One SIM ,Nano-SIM ,Yes ,Yes ,2017 Y.,IOS 15 ,7,,8
IPHONE XR Black 64GB 89%,1000,Yes ,No,3000,No ,Retina IPS LCD ,Yes ,64,Yes ,Yes ,1,iOS ,12,4,6.1,One SIM ,Nano-SIM ,Yes ,Yes ,2019 Y.,IOS 15 ,7,,xr
Apple iPhone SE (2020) 88% Space Gray,820,Yes ,No,2000,No ,Retina IPS LCD ,Yes ,64,Yes ,Yes ,1,iOS ,12,4,4.7,One SIM ,Nano-SIM ,Yes ,Yes ,2020 Y.,IOS 15 ,7,,se
Iphone 11 Purple 85% ტურბო სიმი ნაკაწრები.,1200,Yes ,No,3100,No ,Retina IPS LCD ,Yes ,64,Yes ,Yes ,2,iOS ,12,4,6.1,One SIM ,Nano-SIM ,Yes ,Yes ,2020 Y.,IOS 15 ,12,,11
IPHONE 11 PRO Space Gray 64GB,1950,Yes ,No,3100,No ,Super Retina XDR OLED ,Yes ,64,Yes ,Yes ,3,iOS ,12,4,5.8,One SIM ,Nano-SIM ,Yes ,Yes ,2020 Y.,IOS 15 ,12,,11 pro
IPHONE XS 256GB Space Gray. ყუთით დაზიანებული,800,Yes ,No,2800,No ,Super Retina XDR OLED ,Yes ,256,Yes ,Yes ,2,iOS ,12,4,5.8,One SIM ,Nano-SIM ,Yes ,Yes ,2018 Y.,IOS 15 ,7,,xs
IPHONE 8 64GB Space Gray,600,Yes ,No,2000,No ,Retina IPS LCD ,Yes ,64,Yes ,Yes ,1,iOS ,12,4,4.7,One SIM ,Nano-SIM ,Yes ,Yes ,2018 Y.,IOS 15 ,7,,8
დაბლოკილი!!! IPHONE XR Black - Blue 64GB,400,Yes ,No,3000,No ,Retina IPS LCD ,Yes ,64,Yes ,Yes ,1,iOS ,12,4,6.1,One SIM ,Nano-SIM ,Yes ,Yes ,2019 Y.,IOS 15 ,7,,xr
IPHONE 5 აიქლაუდზე დაბლოკილი ნაწილებად.,50,Yes ,No,1500,No ,IPS ,Yes ,16,Yes ,No ,1,iOS ,8,4,4,One SIM ,Nano-SIM ,Yes ,Yes ,2015 Y.,iOS 12 ,5,,5
IPHONE 11 PRO Silver 64GB,1950,Yes ,No,3100,No ,Super Retina XDR OLED ,Yes ,64,Yes ,Yes ,3,iOS ,12,4,5.8,One SIM ,Nano-SIM ,Yes ,Yes ,2020 Y.,IOS 15 ,12,,11 pro
IPHONE 8 PLUS Red 64GB,630,Yes ,No,2700,No ,Retina IPS LCD ,Yes ,64,Yes ,Yes ,2,iOS ,12,4,5.5,One SIM ,Nano-SIM ,Yes ,Yes ,2018 Y.,iOS 14 ,7,,8
iphone 8 black 64 GB,629,Yes ,Yes,2600,No ,LCD ,Yes ,64,Yes ,Yes ,1,iOS ,12,3,4.7,One SIM ,Nano-SIM ,Yes ,Yes ,2018 Y.,IOS 15 ,8,,8
iphone 6s 64GB,180,Yes ,No,1700,No ,,Yes ,64,Yes ,Yes ,1,iOS ,12,2,4.7,One SIM ,Nano-SIM ,,,2015 Y.,,8,,6s
Iphone 7,430,Yes ,Yes,4500,Yes ,IPS ,Yes ,64,Yes ,Yes ,2,iOS ,64,4,5.1,Dual SIM ,Mini-SIM ,Yes ,Yes ,2020 Y.,Ice Cream Sandwich (4.0–4.0.4) ,1,MIL-STD-810D ,7
iphone 7 black 32 GB,399,Yes ,Yes,2600,No ,LCD ,Yes ,32,Yes ,Yes ,1,iOS ,12,2,4.7,One SIM ,Nano-SIM ,Yes ,Yes ,2018 Y.,IOS 15 ,8,,7
iphone 6s space gray 32 GB,299,Yes ,Yes,2600,No ,LCD ,Yes ,32,Yes ,Yes ,1,iOS ,12,2,4.7,One SIM ,Nano-SIM ,Yes ,Yes ,2018 Y.,IOS 15 ,5,,6s
iphone 7 silver 32 gb,350,Yes ,Yes,2700,Yes ,LCD ,Yes ,32,Yes ,Yes ,1,iOS ,12,2,4.7,One SIM ,Nano-SIM ,Yes ,Yes ,2018 Y.,IOS 15 ,8,,7
iphone 7,330,Yes ,No,1800,No ,,Yes ,32,Yes ,Yes ,2,iOS ,1,2,4.6,One SIM ,Nano-SIM ,Yes ,Yes ,2017 Y.,iOS 14 ,1,IPx7 ,7
iPhone 11,1850,Yes ,No,3100,Yes ,Retina IPS LCD ,Yes ,64,Yes ,Yes ,2,iOS ,12,4,6.5,One SIM ,Nano-SIM ,Yes ,Yes ,2020 Y.,IOS 15 ,13,IPx8 ,11
IPHONE 6 16GB აიქლაუდზე დაბლოკილი,90,Yes ,No,1800,No ,Retina IPS LCD ,Yes ,16,Yes ,No ,1,iOS ,8,4,4.7,One SIM ,Nano-SIM ,Yes ,Yes ,2018 Y.,iOS 12 ,5,,6
Iphone 12 Pro max,3550,Yes ,Yes,3700,No ,Super Retina XDR OLED ,Yes ,128,Yes ,Yes ,3,iOS ,12,6,6.7,One SIM ,Nano-SIM ,Yes ,Yes ,2020 Y.,IOS 15 ,12,,12 pro
iPhone 11 pro max 512gb,2700,Yes ,No,4000,Yes ,Super Retina XDR OLED ,Yes ,512,Yes ,Yes ,3,iOS ,64,4,6.5,Dual SIM ,Nano-SIM ,Yes ,Yes ,2019 Y.,IOS 15 ,1,IPx6 ,11 pro
Iphone 7 ყუთით და კარგ მდგომარეობაში,450,Yes ,Yes,900,No ,,Yes ,32,Yes ,No ,2,iOS ,2,4,5.3,One SIM ,Nano-SIM ,Yes ,No ,,IOS 15 ,1,,7
იყიდება აიფონ 11-iphone 11,1900,Yes ,Yes,2400,No ,IPS LCD ,Yes ,64,Yes ,Yes ,2,iOS ,12,4,6.5,One SIM ,Micro-SIM ,No ,Yes ,2019 Y.,iOS 14 ,1,IPx8 ,11
iphon xs max,1330,Yes ,No,2800,No ,LCD ,Yes ,256,Yes ,Yes ,3,iOS ,12,4,6.5,One SIM ,Nano-SIM ,Yes ,Yes ,2019 Y.,IOS 15 ,8,,xs max
სასწრაფოდ! იყიდება Iphone XS.,2000,Yes ,No,1000,No ,,Yes ,64,Yes ,Yes ,2,iOS ,64,8,4.3,One SIM ,Nano-SIM ,No ,Yes ,2019 Y.,,1,,xs
Iphone xs,1150,Yes ,No,2700,No ,Super Retina XDR OLED ,Yes ,64,Yes ,Yes ,2,iOS ,12,4,5.8,Dual SIM ,Nano-SIM ,Yes ,Yes ,2019 Y.,IOS 15 ,8,IPx5 ,xs
iphone 5s 16 gb,130,Yes ,No,500,No ,,Yes ,16,Yes ,No ,1,iOS ,1,12,3,One SIM ,Micro-SIM ,,,2000 Y.,,1,,5s
Apple iPhone 7 Plus 32GB Gold,480,Yes ,No,2900,No ,LCD ,Yes ,32,Yes ,Yes ,2,iOS ,8,2,5.5,One SIM ,Nano-SIM ,Yes ,Yes ,,,1,,7
iphone se 2020,710,No ,No,1800,No ,Retina IPS LCD ,Yes ,64,Yes ,Yes ,2,iOS ,12,3,4.7,One SIM ,Nano-SIM ,Yes ,Yes ,2020 Y.,,8,,se
Iphone 7 32Gb Matte Black,400,Yes ,No,1900,No ,,Yes ,32,Yes ,No ,1,iOS ,12,2,4.7,One SIM ,Nano-SIM ,No ,No ,2016 Y.,,7,,7
Iphone SE 2020,1100,Yes ,Yes,3000,Yes ,LCD ,Yes ,64,Yes ,Yes ,2,iOS ,12,4,4.7,One SIM ,Micro-SIM ,Yes ,Yes ,2020 Y.,,1,,se
Iphone 6s Gold 32gb 100% +Usb,250,Yes ,No,1700,,,Yes ,64,Yes ,Yes ,2,iOS ,1,3,4.7,One SIM ,Nano-SIM ,,,2016 Y.,,1,,6s
Iphone 8 64gb 92%,450,Yes ,No,1900,,,Yes ,64,Yes ,Yes ,2,iOS ,12,3,4.7,One SIM ,Nano-SIM ,,,2017 Y.,,1,,8
Iphone 8 64gb 92%,450,Yes ,No,1900,,,Yes ,64,Yes ,Yes ,2,iOS ,12,3,4.7,One SIM ,Nano-SIM ,,,2017 Y.,,1,,8
iphone 6S აიფონ 6ს,320,Yes ,No,2400,Yes ,AMOLED ,Yes ,16,Yes ,No ,1,iOS ,1,2,3.5,One SIM ,Micro-SIM ,Yes ,Yes ,2015 Y.,Lollipop (5.0–5.1) ,1,IP5x ,6s
iphone 8,650,Yes ,No,1900,No ,,Yes ,64,Yes ,Yes ,1,iOS ,1,4,6.5,One SIM ,Mini-SIM ,Yes ,Yes ,2018 Y.,,1,,8
Iphone X 64 gb,1037.433333,Yes ,No,500,No ,LCD ,Yes ,64,Yes ,No ,1,iOS ,1,12,6.47,One SIM ,Micro-SIM ,Yes ,Yes ,2017 Y.,,1,,x
iphone xs max 64gb,1200,Yes ,No,3200,Yes,,Yes ,64,Yes ,Yes ,1,iOS ,12,4,6.5,One SIM ,Nano-SIM ,,,2019 Y.,,7,,xs max
Iphone 5 SE,200,Yes ,No,600,No ,,Yes ,64,Yes ,No ,2,iOS ,2,4,4.2,One SIM ,Micro-SIM ,No ,Yes ,,,1,,5
ipone 13 pro,4099,No ,Yes,10000,No ,,Yes ,128,Yes ,Yes ,2,iOS ,3,4,6.6,One SIM ,Nano-SIM ,No ,Yes ,2021 Y.,,1,,13 pro
iPhone 7 plus 32 GB,615,Yes ,No,3000,Yes ,,Yes ,32,Yes ,Yes ,2,iOS ,64,3,5.5,One SIM ,Nano-SIM ,Yes ,Yes ,2016 Y.,,64,,7+
IPHONE 12 PRO MAX 256GB ID:151878-2,3350,Yes ,Yes,4700,No ,Super Retina XDR OLED ,Yes ,256,Yes ,Yes ,3,iOS ,12,6,6.5,One SIM ,Nano-SIM ,Yes ,Yes ,2021 Y.,IOS 15 ,12,,12 pro
APPLE IPHONE 8 64GB ID:158715-V,600,Yes ,No,1900,No ,IPS LCD ,Yes ,64,Yes ,Yes ,1,iOS ,12,2,4.7,One SIM ,Nano-SIM ,Yes ,Yes ,2017 Y.,iOS 14 ,7,,8
APPLE IPHONE 12 MINI 64GB ID: 153558-V,1800,Yes ,Yes,2300,No ,Super Retina XDR OLED ,Yes ,64,Yes ,Yes ,2,iOS ,12,4,5.2,One SIM ,Nano-SIM ,Yes ,Yes ,2020 Y.,iOS 14 ,13,,12
IPHONE 11 64GB RED ID:155288-3,1700,Yes ,No,3100,No ,Liquid Retina IPS LCD ,Yes ,64,Yes ,Yes ,2,iOS ,12,4,6.3,One SIM ,Nano-SIM ,Yes ,Yes ,2019 Y.,iOS 14 ,12,,11
IPHONE 6S 32GB ID: 144250-4,280,Yes ,No,1800,No ,IPS LCD ,Yes ,32,Yes ,Yes ,1,iOS ,12,2,4.7,One SIM ,Nano-SIM ,Yes ,Yes ,2016 Y.,iOS 14 ,5,,6s
APPLE IPHONE 11 64GB ID:160773-3,1900,Yes ,No,3100,Yes ,,Yes ,64,Yes ,Yes ,2,iOS ,64,4,6.59,One SIM ,Micro-SIM ,No ,Yes ,2019 Y.,iOS 14 ,12,,11
APPLE IPHONE 7 32GB ID: 159664-2,380,Yes ,No,2000,No ,Retina IPS LCD ,Yes ,32,Yes ,Yes ,1,iOS ,12,2,4.5,One SIM ,Nano-SIM ,Yes ,Yes ,2016 Y.,iOS 14 ,5,,7
APPLE IPHONE 7 32GB ID: 159664-2,380,Yes ,No,2000,No ,Retina IPS LCD ,Yes ,32,Yes ,Yes ,1,iOS ,12,2,4.5,One SIM ,Nano-SIM ,Yes ,Yes ,2016 Y.,iOS 14 ,5,,7
APPLE IPHONE 6S 32GB ID: 159751-4,270,Yes ,No,1800,No ,IPS LCD ,Yes ,32,Yes ,Yes ,1,iOS ,12,2,4.7,One SIM ,Nano-SIM ,Yes ,Yes ,2016 Y.,iOS 14 ,5,,6s
IPHONE SE 2020 64GB ID: 153386-1,900,Yes ,No,1900,No ,Retina IPS LCD ,Yes ,64,Yes ,Yes ,1,iOS ,12,3,4.6,One SIM ,Nano-SIM ,Yes ,Yes ,2020 Y.,iOS 14 ,7,,se
IPHONE 7 32GB A1778 ID: 149655-2,350,Yes ,No,2000,No ,IPS LCD ,Yes ,32,Yes ,Yes ,1,iOS ,12,2,4.7,One SIM ,Nano-SIM ,Yes ,Yes ,2016 Y.,iOS 14 ,7,,7
IPHONE 6S 32GB ID: 158325-2,260,Yes ,No,1800,No ,IPS LCD ,Yes ,32,Yes ,No ,1,iOS ,12,2,4.7,One SIM ,Nano-SIM ,Yes ,Yes ,2015 Y.,iOS 14 ,2,,6s
IPHONE 6S 16 GB ID:120774-4,270,Yes ,No,1800,No ,IPS LCD ,Yes ,16,Yes ,Yes ,1,iOS ,12,2,4.7,One SIM ,Nano-SIM ,Yes ,Yes ,2016 Y.,iOS 14 ,5,,6s
IPHONE 6S 16GB ID: 154264-1,200,Yes ,No,1800,No ,IPS LCD ,Yes ,16,Yes ,Yes ,1,iOS ,12,2,4.5,One SIM ,Nano-SIM ,Yes ,Yes ,2015 Y.,iOS 14 ,5,,6s
APPLE IPHONE 11 64GB ID:159461-2,1750,Yes ,No,3100,No ,Super Retina XDR OLED ,Yes ,64,Yes ,Yes ,2,iOS ,12,4,6.7,One SIM ,Nano-SIM ,Yes ,Yes ,2019 Y.,iOS 14 ,12,,11
IPHONE 6S 32GB ID: 158325-2,260,Yes ,No,1800,No ,IPS LCD ,Yes ,32,Yes ,No ,1,iOS ,12,2,4.7,One SIM ,Nano-SIM ,Yes ,Yes ,2015 Y.,iOS 14 ,2,,6s
IPHONE 7 32GB A1778 ID: 149655-2,350,Yes ,No,2000,No ,IPS LCD ,Yes ,32,Yes ,Yes ,1,iOS ,12,2,4.7,One SIM ,Nano-SIM ,Yes ,Yes ,2016 Y.,iOS 14 ,7,,7
IPHONE SE 2020 64GB ID: 153386-1,900,Yes ,No,1900,No ,Retina IPS LCD ,Yes ,64,Yes ,Yes ,1,iOS ,12,3,4.6,One SIM ,Nano-SIM ,Yes ,Yes ,2020 Y.,iOS 14 ,7,,se
APPLE IPHONE 6S 32GB ID: 159751-4,270,Yes ,No,1800,No ,IPS LCD ,Yes ,32,Yes ,Yes ,1,iOS ,12,2,4.7,One SIM ,Nano-SIM ,Yes ,Yes ,2016 Y.,iOS 14 ,5,,6s
APPLE IPHONE 7 32GB ID: 159664-2,380,Yes ,No,2000,No ,Retina IPS LCD ,Yes ,32,Yes ,Yes ,1,iOS ,12,2,4.5,One SIM ,Nano-SIM ,Yes ,Yes ,2016 Y.,iOS 14 ,5,,7
APPLE IPHONE 11 64GB ID:160773-3,1900,Yes ,No,3100,Yes ,,Yes ,64,Yes ,Yes ,2,iOS ,64,4,6.59,One SIM ,Micro-SIM ,No ,Yes ,2019 Y.,iOS 14 ,12,,11
IPHONE 6S 32GB ID: 144250-4,280,Yes ,No,1800,No ,IPS LCD ,Yes ,32,Yes ,Yes ,1,iOS ,12,2,4.7,One SIM ,Nano-SIM ,Yes ,Yes ,2016 Y.,iOS 14 ,5,,6s
IPHONE 11 64GB RED ID:155288-3,1700,Yes ,No,3100,No ,Liquid Retina IPS LCD ,Yes ,64,Yes ,Yes ,2,iOS ,12,4,6.3,One SIM ,Nano-SIM ,Yes ,Yes ,2019 Y.,iOS 14 ,12,,11
IPHONE 7 32 GB ID: 145922-4,300,Yes ,No,2000,No ,Retina IPS LCD ,Yes ,32,Yes ,Yes ,1,iOS ,12,2,4.7,One SIM ,Nano-SIM ,Yes ,Yes ,2016 Y.,iOS 14 ,7,,7
APPLE IPHONE 11 64 GB ID: 153088-V,1800,Yes ,No,3100,No ,Super Retina XDR OLED ,Yes ,64,Yes ,Yes ,2,iOS ,12,4,6.7,One SIM ,Nano-SIM ,Yes ,Yes ,2019 Y.,iOS 14 ,12,,11
APPLE IPHONE 6S 32GB ID: 157974-V,220,Yes ,No,1800,No ,IPS LCD ,Yes ,32,Yes ,Yes ,1,iOS ,12,2,4.7,One SIM ,Nano-SIM ,Yes ,Yes ,2016 Y.,iOS 14 ,5,,6s
IPHONE 6S 16GB ID: 147872-1,260,Yes ,No,1800,No ,IPS LCD ,Yes ,16,Yes ,Yes ,1,iOS ,12,2,4.7,One SIM ,Nano-SIM ,Yes ,Yes ,2015 Y.,iOS 14 ,5,,6s
APPLE IPHONE 8 PLUS 64GB ID: 155615-V,780,Yes ,No,2700,Yes ,Super Retina XDR OLED ,Yes ,64,Yes ,Yes ,2,iOS ,12,3,5.7,One SIM ,Nano-SIM ,Yes ,Yes ,2017 Y.,iOS 14 ,7,,8
IPHONE 12 PRO MAX 128GB ID:131485-2,3250,Yes ,Yes,3700,No ,Super Retina XDR OLED ,Yes ,128,Yes ,Yes ,3,iOS ,12,6,6.7,One SIM ,Nano-SIM ,Yes ,Yes ,2020 Y.,IOS 15 ,12,,12 pro
APPLE IPHONE 7 32GB A1660 ID: 157539-V,270,Yes ,No,2000,No ,IPS LCD ,Yes ,32,Yes ,Yes ,1,iOS ,12,2,4.6,One SIM ,Nano-SIM ,Yes ,Yes ,2016 Y.,iOS 14 ,5,,7
IPHONE 12 PRO MAX 128GB ID:147383-3,2950,Yes ,Yes,4700,No ,Super Retina XDR OLED ,Yes ,128,Yes ,Yes ,3,iOS ,12,6,6.53,One SIM ,Nano-SIM ,Yes ,Yes ,2021 Y.,IOS 15 ,12,,12 pro
IPHONE 11 64 GB ID: 157361-3,1850,Yes ,No,3200,No ,Liquid Retina IPS LCD ,Yes ,64,Yes ,Yes ,2,iOS ,12,4,6.1,One SIM ,Nano-SIM ,Yes ,Yes ,2019 Y.,iOS 14 ,12,,11
IPHONE 11 64 GB ID: 157361-3,1850,Yes ,No,3200,No ,Liquid Retina IPS LCD ,Yes ,64,Yes ,Yes ,2,iOS ,12,4,6.1,One SIM ,Nano-SIM ,Yes ,Yes ,2019 Y.,iOS 14 ,12,,11
IPHONE 7 32GB ID: 153549-2,400,Yes ,No,2000,No ,IPS LCD ,Yes ,32,Yes ,Yes ,1,iOS ,12,2,4.7,One SIM ,Nano-SIM ,Yes ,Yes ,2016 Y.,iOS 14 ,7,,7
IPHONE SE 2020 64GB ID: 159825-1,870,Yes ,No,1900,No ,Retina IPS LCD ,Yes ,64,Yes ,Yes ,1,iOS ,12,3,4.7,One SIM ,Nano-SIM ,Yes ,Yes ,2020 Y.,iOS 14 ,7,,se
IPHONE 11 64GB RED ID:157744-V,1800,Yes ,No,3100,No ,Liquid Retina IPS LCD ,Yes ,64,Yes ,Yes ,2,iOS ,12,4,6.7,One SIM ,Nano-SIM ,Yes ,Yes ,2019 Y.,iOS 14 ,12,,11
IPHONE 7 32GB ID: 126318-4,300,Yes ,No,2000,No ,Retina IPS LCD ,Yes ,32,Yes ,Yes ,1,iOS ,12,2,4.7,One SIM ,Nano-SIM ,Yes ,Yes ,2016 Y.,iOS 14 ,5,,7
IPHONE 12 PRO 128GB ID: 152947-1,3100,Yes ,Yes,2900,No ,Super Retina XDR OLED ,Yes ,128,Yes ,Yes ,3,iOS ,32,6,6.1,One SIM ,Nano-SIM ,Yes ,Yes ,2020 Y.,IOS 15 ,12,,12 pro
IPHONE 7 PLUS 32GB ID: 125293-4,350,Yes ,No,2900,No ,Retina IPS LCD ,Yes ,64,Yes ,Yes ,1,iOS ,12,3,5.5,One SIM ,Nano-SIM ,Yes ,Yes ,2016 Y.,iOS 14 ,7,,7
IPHONE 5S 16GB ID:110832-4,90,Yes ,No,1600,No ,IPS LCD ,Yes ,16,Yes ,No ,1,iOS ,8,1,4,One SIM ,Nano-SIM ,Yes ,Yes ,2013 Y.,iOS 8 ,1,,5s
APPLE IPHONE 11 64GB ID:157865-V,1700,Yes ,No,3100,No ,Super Retina XDR OLED ,Yes ,64,Yes ,Yes ,2,iOS ,12,4,6.7,Dual SIM ,Nano-SIM ,Yes ,Yes ,2019 Y.,IOS 15 ,12,,11
IPHONE 11 PRO 64 GB ID: 140470-V,1900,Yes ,No,3100,No ,Super Retina XDR OLED ,Yes ,64,Yes ,Yes ,3,iOS ,12,6,6.2,One SIM ,Mini-SIM ,Yes ,Yes ,2019 Y.,IOS 15 ,13,,11 pro
APPLE IPHONE 6 16GB ID:125915-V,150,Yes ,No,1800,Yes ,IPS LCD ,Yes ,16,Yes ,No ,1,iOS ,12,1,4.6,One SIM ,Nano-SIM ,Yes ,Yes ,2015 Y.,iOS 12 ,5,,6
IPHONE 7 32GB ID: 153549-2,400,Yes ,No,2000,No ,IPS LCD ,Yes ,32,Yes ,Yes ,1,iOS ,12,2,4.7,One SIM ,Nano-SIM ,Yes ,Yes ,2016 Y.,iOS 14 ,7,,7
IPHONE 11 64 GB ID: 157361-3,1850,Yes ,No,3200,No ,Liquid Retina IPS LCD ,Yes ,64,Yes ,Yes ,2,iOS ,12,4,6.1,One SIM ,Nano-SIM ,Yes ,Yes ,2019 Y.,iOS 14 ,12,,11
APPLE IPHONE 6S 32GB ID: 146091-V,270,Yes ,No,1800,No ,IPS LCD ,Yes ,32,Yes ,Yes ,1,iOS ,12,1,4.7,One SIM ,Nano-SIM ,Yes ,Yes ,2016 Y.,iOS 14 ,5,,6s
APPLE IPHONE 7 32 GB ID: 145513-V,350,Yes ,No,2000,No ,Retina IPS LCD ,Yes ,32,Yes ,Yes ,1,iOS ,12,2,4.7,One SIM ,Nano-SIM ,Yes ,Yes ,2016 Y.,iOS 14 ,5,,7
IPHONE 6S 32GB ID: 157300-2,250,Yes ,No,1800,No ,IPS LCD ,Yes ,32,Yes ,No ,1,iOS ,12,2,4.7,One SIM ,Nano-SIM ,Yes ,Yes ,2015 Y.,iOS 14 ,5,,6s
APPLE IPHONE X 64GB ID: 150601-V,1100,Yes ,No,2800,No ,Super Retina XDR OLED ,Yes ,64,Yes ,Yes ,2,iOS ,12,3,5.8,One SIM ,Nano-SIM ,Yes ,Yes ,2017 Y.,iOS 14 ,7,,x
APPLE IPHONE 8 64GB ID:158723-V,580,Yes ,No,1900,No ,IPS LCD ,Yes ,64,Yes ,Yes ,1,iOS ,12,2,4.6,One SIM ,Nano-SIM ,Yes ,Yes ,2017 Y.,iOS 14 ,7,,8
IPHONE 6S 16GB ID: 147222-1,180,Yes ,No,1800,No ,IPS LCD ,Yes ,16,Yes ,Yes ,1,iOS ,12,2,4.6,One SIM ,Nano-SIM ,Yes ,Yes ,2015 Y.,iOS 14 ,5,,6s
IPHONE 6S 16 GB ID:150496-4,230,Yes ,No,1800,No ,IPS LCD ,Yes ,16,Yes ,Yes ,1,iOS ,12,2,4.7,One SIM ,Nano-SIM ,Yes ,Yes ,2015 Y.,iOS 13 ,5,,6s
APPLE IPHONE 8 64 GB ID: 151080-V,480,Yes ,No,1900,No ,Retina IPS LCD ,Yes ,64,Yes ,Yes ,1,iOS ,12,2,4.7,One SIM ,Nano-SIM ,Yes ,Yes ,2017 Y.,iOS 14 ,8,,8
APPLE IPHONE X 64GB ID: 150601-V,1100,Yes ,No,2800,No ,Super Retina XDR OLED ,Yes ,64,Yes ,Yes ,2,iOS ,12,3,5.8,One SIM ,Nano-SIM ,Yes ,Yes ,2017 Y.,iOS 14 ,7,,x
IPHONE 6S 32GB ID: 157300-2,250,Yes ,No,1800,No ,IPS LCD ,Yes ,32,Yes ,No ,1,iOS ,12,2,4.7,One SIM ,Nano-SIM ,Yes ,Yes ,2015 Y.,iOS 14 ,5,,6s
APPLE IPHONE 7 32 GB ID: 145513-V,350,Yes ,No,2000,No ,Retina IPS LCD ,Yes ,32,Yes ,Yes ,1,iOS ,12,2,4.7,One SIM ,Nano-SIM ,Yes ,Yes ,2016 Y.,iOS 14 ,5,,7
APPLE IPHONE 6S 32GB ID: 146091-V,270,Yes ,No,1800,No ,IPS LCD ,Yes ,32,Yes ,Yes ,1,iOS ,12,1,4.7,One SIM ,Nano-SIM ,Yes ,Yes ,2016 Y.,iOS 14 ,5,,6s
iphone x saswrapot 900 gel,880,Yes ,Yes,2700,Yes ,AMOLED ,Yes ,64,Yes ,Yes ,2,iOS ,13,3,5.8,One SIM ,Nano-SIM ,Yes ,Yes ,2018 Y.,IOS 15 ,8,,x
"იყიდება iphone 7 gold, თავის ყუთით უნაკაწრო იდეალურ მდგომარე",500,Yes ,No,1000,Yes ,IPS LCD ,Yes ,32,Yes ,Yes ,1,iOS ,1,4,6,One SIM ,Mini-SIM ,No ,Yes ,2017 Y.,,1,IP5x ,7
Iphone 7 აიფონი 7,589,Yes ,Yes,700,No ,LCD ,Yes ,128,Yes ,Yes ,1,iOS ,1,1,3.5,One SIM ,Mini-SIM ,Yes ,Yes ,2016 Y.,,1,IPx7 ,7
iphone 7+,680,Yes ,No,2900,No ,LCD ,Yes ,32,Yes ,No ,1,iOS ,12,3,5.5,One SIM ,Nano-SIM ,Yes ,Yes ,2016 Y.,IOS 15 ,8,IP6x ,7+
ipnone 5s,170,Yes ,No,1600,Yes ,Super AMOLED Plus ,Yes ,16,Yes ,No ,1,iOS ,12,2,4.7,One SIM ,Nano-SIM ,Yes ,Yes ,2014 Y.,iOS 12 ,8,,5s
iphone 5Se,140,Yes ,No,2900,Yes ,TFT ,Yes ,16,Yes ,Yes ,2,iOS ,2,1.5,4.4,One SIM ,Micro-SIM ,Yes ,Yes ,,,1,IP6x ,5se
Apple iphone 7,270,Yes ,Yes,2400,No ,Liquid Retina IPS LCD ,Yes ,64,Yes ,Yes ,2,iOS ,8,3,4.7,One SIM ,Nano-SIM ,Yes ,Yes ,2018 Y.,iOS 14 ,8,IPx7 ,7
iphone 8 64GB ⚡გ.ა.ნ.ვ.ა.დ.ე.ბ.ი.თ გ.ა.რ.ა.ნ.ტ.ი.ი.თ⚡,560,Yes ,No,2000,No ,IPS LCD ,Yes ,64,Yes ,Yes ,1,iOS ,12,2,4.7,One SIM ,Nano-SIM ,Yes ,Yes ,2017 Y.,IOS 15 ,8,IPx5 ,8
iPhone 6s Plus ⚡გ.ა.ნ.ვ.ა.დ.ე.ბ.ი.თ გ.ა.რ.ა.ნ.ტ.ი.ი.,260,Yes ,No,2800,No ,LCD ,Yes ,16,Yes ,No ,1,iOS ,12,2,5.5,One SIM ,Nano-SIM ,Yes ,Yes ,2015 Y.,iOS 14 ,5,IP6x ,6s
"Apple Iphone 6S PLus, 32GB 92% batarea, gauxsneli",375,Yes ,No,2800,No ,IPS LCD ,Yes ,32,Yes ,Yes ,1,iOS ,12,2,5.5,One SIM ,Nano-SIM ,No ,Yes ,2015 Y.,IOS 15 ,5,,6s
"იყიდება iphone 11 pro max, 256 GB.",1500,Yes ,Yes,800,No ,,Yes ,256,Yes ,Yes ,2,iOS ,3,4,3.5,One SIM ,Nano-SIM ,No ,Yes ,2021 Y.,,5,,11 pro
iphone 7 / აიფონ 7 - 32 GB,400,Yes ,No,2100,Yes ,Retina IPS LCD ,Yes ,32,Yes ,Yes ,1,iOS ,12,2,4.8,One SIM ,Nano-SIM ,Yes ,Yes ,2017 Y.,IOS 15 ,1,IPx7 ,7
apple iphone xs 256gb,1100,Yes ,No,2200,,,Yes ,256,Yes ,Yes ,2,iOS ,48,6,5.5,One SIM ,Nano-SIM ,,,2019 Y.,,13,,xs
