,name,price,3G Network,5G,Battery Capacity,Card slot,Display type,GPS,Internal Memory,LTE (4G) Network,NFC,Number of cameras,Operating System,Primary Camera,RAM,Screen size,SIM Multiple,Sim Size,Touch Screen,Wi-Fi,Year,Selfie Camera,model
0,Apple iPhone Xs Max 64GB Space Gray,1173.9,Yes ,No,3200,No ,Dynamic AMOLED ,Yes ,64,Yes ,Yes ,3,iOS ,2,6.0,6.5,One SIM ,Nano-SIM ,Yes ,Yes ,2019 Y.,1,xs max
1,iPhone 11 Pro - Midnight Green,1900.0,Yes ,No,3100,No ,Super Retina XDR OLED ,Yes ,64,Yes ,No ,3,iOS ,12,4.0,5.9,One SIM ,Nano-SIM ,Yes ,Yes ,2019 Y.,1,11 pro
2,iphone x 2 cali axlebi 256gb,1150.0,Yes ,Yes,4400,Yes ,AMOLED ,Yes ,256,Yes ,Yes ,1,iOS ,12,4.0,4.8,One SIM ,Nano-SIM ,Yes ,Yes ,2022 Y.,1,x
3,Iphone 12 Pro Max Pacific Blue,3150.0,Yes ,No,3700,Yes ,Super Retina XDR OLED ,Yes ,128,Yes ,Yes ,3,iOS ,12,6.0,6.67,One SIM ,Nano-SIM ,,,2020 Y.,1,12 pro
4,"IPhone XS Max 64 GB -1 წლიანი გარანტიით, განვადებით",1899.0,Yes ,No,2400,Yes ,Dynamic AMOLED ,Yes ,64,Yes ,Yes ,3,iOS ,12,4.0,6.5,One SIM ,Nano-SIM ,Yes ,Yes ,2018 Y.,7,xs max
5,"IPhone 11 ProMax 64 GB - 1 წლიანი გარანტიით , განვადებით",2799.0,Yes ,No,3900,No ,Dynamic AMOLED ,Yes ,64,Yes ,Yes ,2,iOS ,12,4.0,6.5,One SIM ,Nano-SIM ,Yes ,Yes ,2019 Y.,12,11
6,"IPhone X 64GB -1 წლიანი გარანტიით , განავდებით",1399.0,Yes ,No,1500,Yes ,Dynamic AMOLED ,Yes ,64,Yes ,Yes ,2,iOS ,64,3.0,5.8,One SIM ,Nano-SIM ,Yes ,Yes ,2017 Y.,3,x
7,"IPhone SE 2020 64GB - 1 წლიანი გარანტიით, განვადებით",1049.0,Yes ,No,1800,Yes ,LCD TFT ,Yes ,128,Yes ,Yes ,2,iOS ,12,3.0,4.7,Dual SIM ,Nano-SIM ,Yes ,Yes ,2020 Y.,7,se
8,"IPhone 12 64GB -1 წლიანი გარანტიით,განვადებით",2399.0,Yes ,No,2800,Yes ,LCD TFT ,Yes ,64,Yes ,No ,2,iOS ,12,4.0,6.1,One SIM ,Mini-SIM ,Yes ,Yes ,2020 Y.,12,12
9,"IPhone 11 64GB -1 წლიანი გარანტიით, განვადებით",1799.0,Yes ,No,3100,No ,LCD TFT ,Yes ,64,Yes ,Yes ,2,iOS ,12,4.0,6.1,One SIM ,Nano-SIM ,Yes ,Yes ,2019 Y.,12,11
10,iPhone 11 pro max,2200.0,Yes ,Yes,3100,Yes ,Super Retina XDR OLED ,Yes ,64,Yes ,Yes ,3,iOS ,12,4.0,6.5,One SIM ,Nano-SIM ,Yes ,Yes ,2020 Y.,8,11 pro
11,Iphone X,1050.0,Yes ,Yes,1500,Yes ,LCD ,Yes ,64,Yes ,Yes ,2,Android ,2,12.0,6.7,One SIM ,Mini-SIM ,Yes ,Yes ,2019 Y.,1,x
12,Iphone 12 Pro,3000.0,Yes ,Yes,4400,Yes ,Super Retina XDR OLED ,Yes ,64,Yes ,Yes ,3,iOS ,12,4.0,6.7,One SIM ,Nano-SIM ,Yes ,Yes ,2020 Y.,13,12 pro
13,IPHONE 12 PRO 128BG,3100.0,Yes ,Yes,3000,No ,Super Retina XDR OLED ,Yes ,128,Yes ,Yes ,3,iOS ,1,4.0,6.0,Dual SIM ,Nano-SIM ,Yes ,Yes ,2020 Y.,1,12 pro
14,iPhone 8,800.0,No ,No,1900,No ,IPS LCD ,Yes ,64,Yes ,No ,1,iOS ,1,4.0,4.7,One SIM ,Micro-SIM ,No ,Yes ,2017 Y.,1,8
15,iPhone 8+,1150.0,No ,No,2700,No ,LCD ,Yes ,64,Yes ,No ,1,iOS ,1,4.0,5.5,One SIM ,Nano-SIM ,No ,Yes ,2017 Y.,1,8+
16,Iphone 7 32 GB გარანტიით!,400.0,Yes ,No,1800,Yes ,LCD ,Yes ,32,Yes ,Yes ,2,iOS ,32,4.0,5.0,One SIM ,Micro-SIM ,Yes ,Yes ,2016 Y.,20,7
17,Iphone 6s 64GB ამერიკიდან გარანტიით!,280.0,Yes ,No,1800,Yes ,Liquid Retina IPS LCD ,Yes ,64,Yes ,Yes ,2,iOS ,48,6.0,4.0,One SIM ,Micro-SIM ,Yes ,Yes ,2014 Y.,32,6s
18,Iphone X 256GB გარანტიით იდეალური!,1200.0,Yes ,Yes,2200,Yes ,Super AMOLED ,Yes ,64,Yes ,Yes ,3,iOS ,41,4.0,5.5,One SIM ,Nano-SIM ,Yes ,Yes ,2018 Y.,48,x
19,Iphone 11 Pro Max 64GB ახალივით!,2250.0,Yes ,Yes,2500,Yes ,Retina IPS LCD ,Yes ,64,Yes ,Yes ,3,iOS ,48,4.0,5.2,Dual SIM ,Nano-SIM ,Yes ,Yes ,2019 Y.,24,11 pro
20,"Iphone 11 64GB Red,Black 1 წლიანი გარანტიით!",1600.0,Yes ,Yes,2500,No ,LCD ,Yes ,64,Yes ,Yes ,3,iOS ,64,3.0,5.5,One SIM ,Micro-SIM ,Yes ,Yes ,2019 Y.,32,11
21,IPhone X 64GB,800.0,Yes ,No,8000,No ,Dynamic AMOLED ,Yes ,64,Yes ,Yes ,2,iOS ,2,4.0,5.8,One SIM ,Mini-SIM ,Yes ,Yes ,2017 Y.,1,x
22,iphone 7 model-1778 ახალივით სასაჩუკრე!,400.0,Yes ,No,2000,Yes ,LCD ,Yes ,32,Yes ,Yes ,1,iOS ,13,4.0,4.7,One SIM ,Nano-SIM ,Yes ,Yes ,2016 Y.,8,7
23,iphone 7 plus ახალივით სასაჩუკრე!,550.0,Yes ,No,2500,Yes ,LCD ,Yes ,32,Yes ,Yes ,2,iOS ,16,4.0,5.1,One SIM ,Nano-SIM ,Yes ,Yes ,2016 Y.,8,7
24,iPhone XS 64GB,1230.0,Yes ,No,3200,No ,Super Retina XDR OLED ,No ,64,Yes ,No ,2,iOS ,12,4.0,5.8,One SIM ,Nano-SIM ,No ,No ,2018 Y.,1,xs
25,Apple iPhone SE SIM FREE,870.0,Yes ,No,1900,Yes ,Liquid Retina IPS LCD ,Yes ,64,Yes ,Yes ,2,iOS ,12,3.0,4.7,One SIM ,Nano-SIM ,Yes ,Yes ,2020 Y.,12,se
26,IPHONE 8 BLACK 64GB SIM FREE,550.0,Yes ,No,1900,Yes ,Liquid Retina IPS LCD ,Yes ,64,Yes ,Yes ,2,iOS ,12,2.0,4.7,One SIM ,Nano-SIM ,Yes ,Yes ,2019 Y.,12,8
27,"iPhone SE 2020 64gb white უნაკლო, ახალივით",800.0,Yes ,No,2600,Yes ,LCD TFT ,Yes ,64,Yes ,Yes ,2,iOS ,16,6.0,4.8,One SIM ,Nano-SIM ,Yes ,Yes ,2020 Y.,8,se
28,iPhone 7 128GB Sim free Jet Black.,380.0,Yes ,No,800,Yes ,LCD ,Yes ,128,Yes ,No ,2,iOS ,2,3.0,4.2,One SIM ,Nano-SIM ,Yes ,Yes ,2014 Y.,1,7
29,iphone 12 mini,1850.0,Yes ,No,2700,No ,Super Retina XDR OLED ,Yes ,64,Yes ,Yes ,2,iOS ,12,4.0,5.7,One SIM ,Nano-SIM ,Yes ,Yes ,2020 Y.,8,12
30,iPhone XR Black 64GB Simfree,1100.0,Yes ,Yes,3000,No ,LCD ,Yes ,64,Yes ,Yes ,2,iOS ,20,4.0,4.9,One SIM ,Mini-SIM ,Yes ,Yes ,2019 Y.,8,xr
31,iphone XS 256GB,1100.0,Yes ,No,2700,Yes ,AMOLED ,Yes ,256,Yes ,Yes ,3,iOS ,12,3.0,5.5,One SIM ,Nano-SIM ,Yes ,Yes ,2018 Y.,5,xs
32,iphone 7 32GB matt black,400.0,Yes ,No,2300,Yes ,LCD ,Yes ,32,Yes ,Yes ,2,iOS ,12,2.0,4.7,One SIM ,Nano-SIM ,Yes ,Yes ,2015 Y.,5,7
33,iPhone 12 Pro Max 256GB Graphite,3500.0,Yes ,Yes,3600,No ,Super Retina XDR OLED ,Yes ,256,Yes ,Yes ,3,iOS ,12,6.0,6.7,One SIM ,Nano-SIM ,No ,No ,2020 Y.,1,12 pro
34,iphone 7 32da128 gb,430.0,Yes ,No,1600,No ,AMOLED ,Yes ,128,Yes ,Yes ,2,iOS ,2,4.0,6.26,One SIM ,Micro-SIM ,Yes ,Yes ,2018 Y.,2,7
35,"IPhone 11 Pro Max 256GB -1 წლიანი გარანტიით, განავდებით",3249.0,Yes ,No,3900,No ,Dynamic AMOLED ,Yes ,256,Yes ,Yes ,2,iOS ,12,4.0,6.5,One SIM ,Nano-SIM ,Yes ,Yes ,2019 Y.,12,11 pro
36,Iphone X 256GB,1100.0,Yes ,No,2700,No ,Dynamic AMOLED ,Yes ,64,Yes ,Yes ,2,iOS ,8,4.0,5.8,One SIM ,Nano-SIM ,Yes ,Yes ,2017 Y.,1,x
37,iPhone SE 2020,1100.0,Yes ,Yes,1800,Yes ,Retina IPS LCD ,Yes ,64,Yes ,Yes ,1,iOS ,12,3.0,4.7,One SIM ,Nano-SIM ,Yes ,Yes ,2020 Y.,7,se
38,iPhone 8,750.0,Yes ,Yes,1800,Yes ,AMOLED ,Yes ,64,Yes ,Yes ,1,iOS ,12,3.0,4.7,One SIM ,Nano-SIM ,Yes ,Yes ,2019 Y.,7,8
39,iphone 7 model-1778 ახალივით სასაჩუკრე!,450.0,Yes ,No,2000,Yes ,LCD ,Yes ,32,Yes ,Yes ,1,iOS ,13,4.0,4.7,One SIM ,Nano-SIM ,Yes ,Yes ,2016 Y.,8,7
40,iphone xr 64 gb,1100.0,Yes ,No,5000,No ,Super Retina XDR OLED ,Yes ,64,Yes ,Yes ,1,iOS ,1,8.0,6.2,One SIM ,Nano-SIM ,Yes ,Yes ,2019 Y.,1,xr
41,iPhone 7,380.0,Yes ,Yes,1900,Yes ,LCD ,Yes ,32,Yes ,Yes ,2,iOS ,12,2.0,4.7,One SIM ,Nano-SIM ,Yes ,Yes ,2016 Y.,7,7
42,iPhone 8,650.0,Yes ,No,1800,No ,IPS LCD ,Yes ,64,Yes ,Yes ,2,iOS ,12,2.0,4.7,One SIM ,Nano-SIM ,Yes ,Yes ,2017 Y.,7,8
43,iPhone X,1150.0,Yes ,Yes,3700,Yes ,Dynamic AMOLED ,Yes ,64,Yes ,Yes ,2,iOS ,12,3.0,5.8,Dual SIM ,Nano-SIM ,Yes ,Yes ,2017 Y.,7,x
44,iPhone 12 Pro,3400.0,Yes ,Yes,2800,Yes ,Super Retina XDR OLED ,Yes ,128,Yes ,Yes ,3,iOS ,12,6.0,6.1,One SIM ,Nano-SIM ,Yes ,Yes ,2020 Y.,12,12 pro
45,iPhone 7 Plus,650.0,Yes ,Yes,2900,Yes ,LCD ,Yes ,32,Yes ,Yes ,2,iOS ,12,3.0,5.5,One SIM ,Nano-SIM ,Yes ,Yes ,2016 Y.,7,7
46,iphone 6s 32gb აიფონ 6ს 32გბ,270.0,Yes ,No,1700,No ,IPS LCD ,Yes ,32,Yes ,Yes ,2,iOS ,12,4.0,4.7,One SIM ,Nano-SIM ,Yes ,Yes ,2015 Y.,5,6s
47,iphone 8 64gb აიფონ 8 64გბ,600.0,Yes ,No,1800,Yes ,Retina IPS LCD ,Yes ,64,Yes ,Yes ,2,iOS ,12,2.0,4.7,One SIM ,Nano-SIM ,Yes ,Yes ,2018 Y.,7,8
48,iphone 13 pro max,3700.0,Yes ,Yes,4300,No ,Super Retina XDR OLED ,Yes ,128,Yes ,Yes ,4,iOS ,3,4.0,6.7,One SIM ,Nano-SIM ,No ,Yes ,2021 Y.,1,13 pro max
49,iPhone XR,1000.0,Yes ,Yes,2900,No ,Super AMOLED ,Yes ,64,Yes ,Yes ,2,iOS ,1,3.0,6.0,One SIM ,Nano-SIM ,No ,Yes ,2018 Y.,1,xr
50,iPhone XS,1100.0,Yes ,Yes,2800,No ,Super AMOLED ,Yes ,64,Yes ,Yes ,2,iOS ,1,4.0,5.8,One SIM ,Nano-SIM ,Yes ,Yes ,2018 Y.,1,xs
51,iPhone 11 Pro,1950.0,Yes ,Yes,3000,Yes ,Super Retina XDR OLED ,Yes ,64,Yes ,Yes ,3,iOS ,12,4.0,5.8,One SIM ,Nano-SIM ,Yes ,Yes ,2020 Y.,12,11 pro
52,iPhone 11 Pro Max,2350.0,Yes ,Yes,3900,Yes ,Super Retina XDR OLED ,Yes ,64,Yes ,Yes ,3,iOS ,12,4.0,6.5,One SIM ,Nano-SIM ,Yes ,Yes ,2019 Y.,12,11 pro
53,iPhone SE (2020წ.),1100.0,Yes ,Yes,2800,Yes ,Retina IPS LCD ,Yes ,64,Yes ,Yes ,2,iOS ,12,3.0,4.7,One SIM ,Nano-SIM ,Yes ,Yes ,2020 Y.,7,se
54,იყიდება iphone se 2020 64 gb,800.0,Yes ,Yes,2900,No ,Retina IPS LCD ,Yes ,64,Yes ,No ,1,iOS ,1,4.0,5.0,One SIM ,Nano-SIM ,No ,No ,2020 Y.,1,se
55,11 Pro Max 64 1 წლიანი გარატია განვადება კრედო,2450.0,Yes ,Yes,4000,Yes ,AMOLED ,Yes ,4,Yes ,Yes ,3,iOS ,12,3.0,5.8,One SIM ,Nano-SIM ,Yes ,Yes ,2018 Y.,12,11 pro
56,iPhone 11 64GB turbo simit 1წლიანი გარანტია განვადება კრედ,1400.0,Yes ,No,3000,Yes ,Retina IPS LCD ,Yes ,64,Yes ,Yes ,2,iOS ,12,4.0,6.1,One SIM ,Nano-SIM ,Yes ,Yes ,2019 Y.,12,11
57,iphone 12 pro,3300.0,Yes ,Yes,4555,No ,Super Retina XDR OLED ,No ,64,Yes ,No ,3,iOS ,16,12.0,5.45,One SIM ,Nano-SIM ,No ,No ,2021 Y.,1,12 pro
58,iphone 11 აიფონი 11,1700.0,Yes ,Yes,1700,Yes ,LCD ,Yes ,64,Yes ,Yes ,3,iOS ,2,4.0,6.2,One SIM ,Nano-SIM ,Yes ,Yes ,2019 Y.,1,11
59,iphone XS MAX GOLD 89პროცენტი,1370.0,Yes ,Yes,2000,Yes ,AMOLED ,Yes ,64,Yes ,Yes ,2,iOS ,13,4.0,5.4,One SIM ,Nano-SIM ,Yes ,Yes ,2017 Y.,2,xs max
60,iPhone XS 64Gb black sim-free,1350.0,Yes ,No,2400,Yes,Super Retina XDR OLED ,Yes ,64,Yes ,Yes ,3,iOS ,2,4.0,5.8,One SIM ,Nano-SIM ,,,2018 Y.,1,xs
61,iPhone XS 64Gb black sim-free,1350.0,Yes ,No,2400,Yes,Super Retina XDR OLED ,Yes ,64,Yes ,Yes ,3,iOS ,2,4.0,5.8,One SIM ,Nano-SIM ,,,2018 Y.,1,xs
62,iphone X,1000.0,Yes ,Yes,10000,Yes ,LCD ,Yes ,64,Yes ,Yes ,2,iOS ,2,12.0,5.6,One SIM ,Mini-SIM ,Yes ,Yes ,2018 Y.,1,x
63,iPhone XR 64GB Black,800.0,Yes ,No,3300,Yes ,LCD ,Yes ,64,Yes ,No ,1,iOS ,12,4.0,6.3,One SIM ,Nano-SIM ,Yes ,Yes ,2019 Y.,8,xr
64,apple iphone Xs gold/ iphone,1100.0,Yes ,Yes,2000,No ,Super Retina XDR OLED ,Yes ,64,Yes ,Yes ,3,iOS ,12,4.0,4.7,Dual SIM ,Nano-SIM ,Yes ,Yes ,2019 Y.,5,xs
65,iPhone 7 32gb A1778 sim free,420.0,Yes ,No,1900,No ,LCD ,Yes ,32,Yes ,Yes ,1,iOS ,12,2.0,4.7,One SIM ,Nano-SIM ,Yes ,Yes ,2016 Y.,5,7
66,iPhone 7 32gb A1778 sim free,420.0,Yes ,No,1900,No ,LCD ,Yes ,32,Yes ,Yes ,1,iOS ,12,2.0,4.7,One SIM ,Nano-SIM ,Yes ,Yes ,2016 Y.,5,7
67,Iphone 11 Pro Max - ახალი !,2950.0,Yes ,Yes,8000,No ,Super Retina XDR OLED ,Yes ,64,Yes ,Yes ,3,iOS ,3,12.0,4.7,One SIM ,Nano-SIM ,No ,No ,2021 Y.,1,11 pro
68,Apple iphone 8 64gb red,650.0,Yes ,No,2000,No ,IPS LCD ,Yes ,64,Yes ,No ,2,iOS ,12,4.0,4.7,One SIM ,Nano-SIM ,Yes ,Yes ,2018 Y.,1,8
69,iphone 7 silver 32 GB,349.0,Yes ,Yes,2400,No ,LCD ,Yes ,32,Yes ,Yes ,1,iOS ,12,2.0,4.7,One SIM ,Nano-SIM ,Yes ,Yes ,2018 Y.,5,7
70,iphone 8 silver 64 GB,630.0,Yes ,Yes,2700,No ,IPS LCD ,Yes ,64,Yes ,Yes ,1,iOS ,12,3.0,4.7,One SIM ,Nano-SIM ,Yes ,Yes ,2018 Y.,8,8
71,Iphone 8Plus 64GB Sim Free GSm 4G LTe,900.0,Yes ,No,2400,Yes ,LCD ,Yes ,64,Yes ,Yes ,2,iOS ,12,3.0,5.7,One SIM ,Mini-SIM ,Yes ,Yes ,2018 Y.,5,8+
72,GARANTIT Saswrafod iyideba iphone 6 16gb originali idealur m,180.0,Yes ,No,1600,Yes ,LCD ,Yes ,16,Yes ,Yes ,2,iOS ,16,2.0,4.7,One SIM ,Nano-SIM ,Yes ,Yes ,2015 Y.,13,6
73,იყიდება iphone 11 pro mindight green 64 GB,2450.0,No ,No,1200,No ,Super Retina XDR OLED ,Yes ,64,Yes ,No ,3,iOS ,3,4.0,5.3,Dual SIM ,Nano-SIM ,No ,No ,2019 Y.,1,11 pro
74,Apple iPhone XS 64 Gb white sim free ყუთით და აქსესუარებით,1350.0,Yes ,No,2900,Yes ,Super Retina XDR OLED ,Yes ,64,Yes ,Yes ,2,iOS ,12,4.0,6.0,One SIM ,Mini-SIM ,Yes ,Yes ,2018 Y.,8,xs
75,Apple iphone Xs Max 64GB არჩევით,1350.0,Yes ,No,3200,No ,Dynamic AMOLED ,Yes ,64,Yes ,Yes ,2,iOS ,12,4.0,6.5,One SIM ,Nano-SIM ,Yes ,Yes ,2018 Y.,1,xs max
76,iPhone 7 32gb simFree,400.0,Yes ,No,2000,No ,LCD ,Yes ,32,Yes ,Yes ,1,iOS ,12,4.0,4.7,One SIM ,Nano-SIM ,Yes ,Yes ,2019 Y.,8,7
77,Iphone 8 64GB Simfree,600.0,Yes ,No,2000,No ,IPS LCD ,Yes ,64,Yes ,Yes ,1,iOS ,12,4.0,4.7,One SIM ,Nano-SIM ,Yes ,Yes ,2019 Y.,8,8
78,იყიდებ Iphone 5c 5,40.0,Yes ,No,500,Yes ,LCD ,Yes ,4,No ,Yes ,1,iOS ,1,1.0,3.5,One SIM ,Mini-SIM ,Yes ,Yes ,2016 Y.,1,5c
79,Iphone 6S 16Gb Sim Free GsM,220.0,Yes ,No,1800,Yes ,LCD ,Yes ,16,Yes ,Yes ,2,iOS ,12,1.5,4.3,One SIM ,Mini-SIM ,Yes ,Yes ,2018 Y.,8,6s
80,Iphone 6s LCd 100% ორიგინალი,65.0,Yes ,No,2300,No ,LCD ,Yes ,64,Yes ,Yes ,2,iOS ,13,4.0,5.5,One SIM ,Mini-SIM ,Yes ,Yes ,2018 Y.,8,6s
81,iphone 5C T-mobile,50.0,Yes ,No,1600,No ,LCD ,Yes ,16,Yes ,Yes ,2,iOS ,12,0.5,4.0,One SIM ,Mini-SIM ,Yes ,Yes ,2018 Y.,8,5c
82,iphone 8 Plus 64gB Sim Free 4G LTE,650.0,Yes ,No,2400,No ,LCD ,Yes ,64,Yes ,Yes ,2,iOS ,12,3.0,5.5,One SIM ,Mini-SIM ,No ,Yes ,2018 Y.,8,8
83,Iphone 8,850.0,Yes ,No,1600,No ,IPS LCD ,Yes ,64,Yes ,No ,1,iOS ,2,4.0,5.45,One SIM ,Micro-SIM ,Yes ,Yes ,2021 Y.,1,8
84,იყიდება Iphone 6s 64GB,300.0,Yes ,No,1700,No ,IPS LCD ,Yes ,64,Yes ,No ,1,iOS ,1,4.0,4.7,One SIM ,Nano-SIM ,No ,Yes ,2015 Y.,2,6s
85,iPhone X,1099.0,Yes ,No,5000,Yes ,AMOLED ,Yes ,64,Yes ,Yes ,2,iOS ,1,4.0,5.9,One SIM ,Nano-SIM ,No ,Yes ,2019 Y.,1,x
86,Iphone x,450.0,Yes ,No,800,Yes ,Foldable Dynamic AMOLED ,Yes ,64,Yes ,Yes ,2,iOS ,2,4.0,5.0,One SIM ,Nano-SIM ,Yes ,Yes ,2018 Y.,2,x
87,IPHONE 8. 64GB GOLD,550.0,Yes ,No,1800,No ,IPS LCD ,Yes ,64,Yes ,No ,1,iOS ,12,2.0,4.7,One SIM ,Micro-SIM ,,,2020 Y.,7,8
88,iphone 12 pro,1200.0,No ,Yes,4500,Yes,Super Retina XDR OLED ,No ,128,No ,No ,3,iOS ,48,6.0,6.0,One SIM ,Nano-SIM ,,,2020 Y.,1,12 pro
89,Iphone 7,300.0,Yes ,No,2000,No ,LCD ,Yes ,32,Yes ,Yes ,2,iOS ,12,2.0,4.7,One SIM ,Nano-SIM ,Yes ,Yes ,2019 Y.,8,7
90,iPhone 6s,200.0,Yes ,No,1700,Yes ,IPS LCD ,Yes ,16,Yes ,No ,2,iOS ,1,4.0,3.0,One SIM ,Mini-SIM ,Yes ,Yes ,2016 Y.,1,6s
91,Iphone 6,220.0,Yes ,No,1800,No ,IPS LCD ,Yes ,16,Yes ,No ,1,iOS ,12,2.0,4.7,One SIM ,Nano-SIM ,Yes ,Yes ,2014 Y.,1,6
92,iPhone 6s 32GB,150.0,Yes ,No,1200,Yes ,IPS LCD ,Yes ,32,Yes ,Yes ,1,iOS ,13,3.0,5.5,One SIM ,Micro-SIM ,Yes ,Yes ,2015 Y.,1,6s
93,IPhone 11 Pro Max იყიდება,2000.0,Yes ,No,3900,No ,Super Retina XDR OLED ,Yes ,64,Yes ,Yes ,3,iOS ,3,4.0,6.5,One SIM ,Nano-SIM ,Yes ,Yes ,2019 Y.,2,11 pro
94,იყიდება iPhone XS 64GB Space Gray,1150.0,Yes ,No,2700,No ,Super Retina XDR OLED ,Yes ,64,Yes ,Yes ,2,iOS ,12,4.0,5.8,One SIM ,Nano-SIM ,Yes ,Yes ,2018 Y.,7,xs
95,იყიდება iPhone XS 64GB Gold,1000.0,Yes ,No,2700,No ,Super Retina XDR OLED ,Yes ,64,Yes ,Yes ,2,iOS ,12,4.0,5.8,One SIM ,Nano-SIM ,Yes ,Yes ,2018 Y.,7,xs
96,Iphone 4s,80.0,Yes ,No,2500,Yes ,LCD ,No ,8,No ,No ,1,iOS ,1,2.0,4.0,One SIM ,Micro-SIM ,Yes ,No ,2012 Y.,1,4s
97,iPhone XS აიფონ 10s,1000.0,Yes ,No,2800,Yes ,Super AMOLED ,Yes ,64,Yes ,Yes ,3,iOS ,12,8.0,5.8,One SIM ,Nano-SIM ,Yes ,Yes ,2018 Y.,8,xs
98,iPhone 6 32GB,500.0,Yes ,No,2000,Yes ,LCD ,Yes ,32,Yes ,No ,1,iOS ,1,2.0,4.7,One SIM ,Mini-SIM ,No ,Yes ,2017 Y.,1,6
99,Iphone Xs,550.0,Yes ,Yes,2400,Yes ,Super Retina XDR OLED ,Yes ,64,Yes ,Yes ,2,iOS ,2,8.0,6.67,One SIM ,Mini-SIM ,Yes ,Yes ,2018 Y.,1,xs
100,Iphone 3 gs,80.0,Yes ,No,2500,Yes ,LCD ,Yes ,4,No ,No ,1,iOS ,1,2.0,3.5,One SIM ,Mini-SIM ,Yes ,Yes ,2010 Y.,1,3 gs
101,"Iphone 6s, 32 gb",300.0,Yes ,Yes,800,No ,IPS LCD ,No ,32,Yes ,No ,2,iOS ,5,4.0,4.2,One SIM ,Nano-SIM ,,,2011 Y.,1,6s
102,iphone 7 plus 32 GB,650.0,Yes ,No,2100,No ,LCD ,Yes ,64,Yes ,Yes ,2,iOS ,2,4.0,5.7,One SIM ,Nano-SIM ,No ,Yes ,2017 Y.,1,7
103,იყიდება მეორადი Iphone 8 plus თეთრი,550.0,No ,Yes,1000,No ,IPS LCD ,Yes ,64,Yes ,No ,2,iOS ,3,4.0,5.5,One SIM ,Mini-SIM ,Yes ,Yes ,2017 Y.,1,8
104,iphone x,450.0,Yes ,Yes,2300,Yes,Dynamic AMOLED ,Yes ,256,Yes ,Yes ,3,iOS ,32,4.0,6.0,One SIM ,Mini-SIM ,,,2017 Y.,2,x
105,მობილური iphone 6,250.0,Yes ,Yes,1500,No ,LCD ,Yes ,64,Yes ,Yes ,1,iOS ,1,1.0,5.1,One SIM ,Nano-SIM ,No ,Yes ,2015 Y.,1,6
106,მობილური iphone 7,400.0,Yes ,Yes,1500,No ,LCD ,Yes ,64,Yes ,No ,1,iOS ,2,4.0,5.1,One SIM ,Micro-SIM ,Yes ,Yes ,2016 Y.,1,7
107,Iphone 7,350.0,Yes ,No,2700,No ,LCD ,Yes ,32,Yes ,Yes ,1,iOS ,8,4.0,4.0,One SIM ,Micro-SIM ,Yes ,Yes ,2016 Y.,5,7
108,Impone 6 გამოგადგებათ ნაწილებადაც!,100.0,Yes ,No,1500,No ,LCD ,No ,16,Yes ,No ,2,iOS ,1,2.0,4.0,One SIM ,Nano-SIM ,Yes ,Yes ,2014 Y.,1,6
109,იყიდება შავი Iphone 8 plus,950.0,Yes ,Yes,1000,No ,IPS LCD ,No ,64,Yes ,No ,1,iOS ,2,4.0,5.5,One SIM ,Mini-SIM ,No ,Yes ,2019 Y.,1,8
110,Iphone 5s gold,160.0,Yes ,No,1900,Yes ,LCD ,Yes ,16,Yes ,Yes ,1,iOS ,1,1.0,3.5,One SIM ,Mini-SIM ,Yes ,Yes ,2013 Y.,1,5s
111,Iphone 12 Pro Max,1000.0,Yes ,Yes,1100,Yes ,AMOLED ,Yes ,8,Yes ,No ,0,iOS ,13,0.5,3.0,Dual SIM ,Nano-SIM ,Yes ,Yes ,2020 Y.,1,12 pro
112,iphone 12 pro graphite 128 gb,2950.0,Yes ,Yes,4100,No ,Super Retina XDR OLED ,Yes ,64,Yes ,Yes ,2,iOS ,12,4.0,4.4,One SIM ,Nano-SIM ,No ,Yes ,2020 Y.,8,12 pro
113,APPLE IPHONE 7 32GB ID: 163191-2,350.0,Yes ,No,2000,No ,IPS LCD ,Yes ,32,Yes ,Yes ,1,iOS ,12,2.0,4.5,One SIM ,Nano-SIM ,Yes ,Yes ,2016 Y.,5,7
114,APPLE IPHONE X 64GB ID: 163007-2,950.0,Yes ,No,2800,No ,Super Retina XDR OLED ,Yes ,64,Yes ,Yes ,2,iOS ,12,3.0,5.9,One SIM ,Nano-SIM ,Yes ,Yes ,2017 Y.,7,x
115,APPLE IPHONE 8 64GB ID:161978-2,550.0,Yes ,No,1900,No ,IPS LCD ,Yes ,64,Yes ,Yes ,1,iOS ,12,2.0,4.7,One SIM ,Nano-SIM ,Yes ,Yes ,2017 Y.,7,8
116,11 პრო,2100.0,Yes ,No,3200,Yes,Liquid Retina IPS LCD ,Yes ,64,Yes ,Yes ,3,iOS ,1,4.0,5.8,Dual SIM ,Nano-SIM ,,,2019 Y.,1,11
117,APPLE IPHONE 12 128GB ID: 161361-2,2300.0,Yes ,Yes,2900,No ,Super Retina XDR OLED ,Yes ,128,Yes ,Yes ,2,iOS ,12,4.0,6.15,One SIM ,Nano-SIM ,Yes ,Yes ,2020 Y.,12,12
118,Iphone 7 ( 32GB),480.0,No ,No,1000,No ,LCD ,Yes ,64,Yes ,No ,2,iOS ,1,4.0,4.7,One SIM ,Micro-SIM ,Yes ,Yes ,2016 Y.,1,7
119,APPLE IPHONE 7 32GB ID: 160881-2,270.0,Yes ,No,2000,No ,Retina IPS LCD ,Yes ,32,Yes ,Yes ,1,iOS ,12,2.0,4.7,One SIM ,Nano-SIM ,Yes ,Yes ,2016 Y.,5,7
120,Iphone 8 ( 64GB),350.0,Yes ,No,1100,No ,IPS LCD ,Yes ,64,Yes ,No ,2,iOS ,1,4.0,4.7,One SIM ,Micro-SIM ,Yes ,Yes ,2017 Y.,1,8
121,iphone 6s,180.0,Yes ,Yes,1700,No ,IPS LCD ,Yes ,16,Yes ,Yes ,1,iOS ,12,2.0,4.7,One SIM ,Nano-SIM ,Yes ,Yes ,2016 Y.,1,6s
122,iphone 7 128GB,470.0,Yes ,Yes,7000,No ,Retina IPS LCD ,Yes ,128,Yes ,Yes ,2,iOS ,12,4.0,4.7,One SIM ,Mini-SIM ,No ,Yes ,2019 Y.,5,7
123,iPhone 12 Pro 256GB ბათუმი,3150.0,Yes ,Yes,3800,No ,Super Retina XDR OLED ,Yes ,64,Yes ,Yes ,3,iOS ,12,4.0,6.1,One SIM ,Nano-SIM ,Yes ,Yes ,2020 Y.,1,12 pro
124,iphone 5s,90.0,Yes ,No,1600,No ,LCD ,Yes ,16,Yes ,No ,2,iOS ,8,1.0,4.0,One SIM ,Nano-SIM ,Yes ,Yes ,2013 Y.,2,5s
125,Iphone 6s,230.0,Yes ,Yes,2400,Yes ,AMOLED ,Yes ,16,Yes ,Yes ,2,iOS ,16,3.0,5.1,One SIM ,Nano-SIM ,Yes ,Yes ,2019 Y.,5,6s
126,იყიდება Iphone 8,600.0,Yes ,No,4000,Yes ,IPS ,Yes ,64,Yes ,No ,1,iOS ,1,4.0,5.2,One SIM ,Mini-SIM ,Yes ,Yes ,2018 Y.,1,8
127,iPhone 6s 16GB Sim Free,250.0,Yes ,No,2300,Yes ,IPS LCD ,Yes ,16,Yes ,Yes ,1,iOS ,13,4.0,5.0,One SIM ,Nano-SIM ,Yes ,Yes ,2018 Y.,8,6s
128,iphone 8 pluse 64 gb,819.0,No ,No,3000,Yes ,LCD ,Yes ,64,Yes ,Yes ,2,iOS ,13,3.0,6.67,One SIM ,Nano-SIM ,Yes ,Yes ,2018 Y.,8,8
129,IPHONE 12,2800.0,Yes ,No,600,Yes ,IPS ,Yes ,64,Yes ,Yes ,2,iOS ,2,12.0,4.1,One SIM ,Mini-SIM ,Yes ,Yes ,2020 Y.,1,12
130,iphone 7 128 gb,450.0,Yes ,No,2000,Yes ,IPS ,Yes ,128,Yes ,Yes ,2,iOS ,1,4.0,5.2,One SIM ,Mini-SIM ,Yes ,Yes ,2021 Y.,1,7
131,Iphone xs max,1280.0,Yes ,No,1500,No ,TFT ,Yes ,64,Yes ,No ,2,iOS ,1,4.0,4.1,One SIM ,Micro-SIM ,Yes ,Yes ,2016 Y.,1,xs max
132,Iphone 11 pro 64Gb 93% battery,2150.0,Yes ,No,3100,Yes ,Super AMOLED ,Yes ,64,Yes ,Yes ,3,iOS ,3,4.0,5.8,One SIM ,Micro-SIM ,Yes ,Yes ,2019 Y.,1,11 pro
133,iphon X,1050.0,Yes ,Yes,800,Yes ,IPS LCD ,Yes ,32,Yes ,Yes ,2,iOS ,2,2.0,4.2,One SIM ,Mini-SIM ,No ,Yes ,2018 Y.,1,x
134,Iphon 8,674.2162162,Yes ,No,6000,No ,IPS LCD ,Yes ,64,Yes ,Yes ,2,iOS ,8,4.0,5.71,One SIM ,Mini-SIM ,Yes ,Yes ,2019 Y.,5,8
135,IPhone SE 2020 64 GB,850.0,Yes ,Yes,1800,Yes ,Retina IPS LCD ,Yes ,64,Yes ,No ,2,iOS ,1,4.0,5.4,One SIM ,Nano-SIM ,Yes ,Yes ,2020 Y.,1,se
136,iphone 11 64gb,1500.0,Yes ,No,3000,No ,Liquid Retina IPS LCD ,Yes ,64,Yes ,No ,2,iOS ,2,4.0,6.09,One SIM ,Mini-SIM ,Yes ,Yes ,2019 Y.,1,11
137,"იყიდება IPhone 7 Rose Gold, 128 GB",450.0,Yes ,No,1200,Yes ,LCD ,Yes ,128,Yes ,No ,2,iOS ,2,8.0,4.2,One SIM ,Nano-SIM ,Yes ,Yes ,2016 Y.,1,7
138,Iphone 11,1800.0,Yes ,No,3100,No ,Liquid Retina IPS LCD ,Yes ,64,Yes ,Yes ,2,iOS ,12,4.0,6.1,One SIM ,Nano-SIM ,Yes ,Yes ,2019 Y.,24,11
139,Iphone 7 (32GB),450.0,Yes ,Yes,1000,No ,LCD ,Yes ,64,Yes ,No ,2,iOS ,1,4.0,4.9,One SIM ,Micro-SIM ,No ,No ,2016 Y.,1,7
140,Iphone 6,200.0,Yes ,Yes,500,No ,TFT ,Yes ,64,Yes ,Yes ,1,iOS ,1,12.0,3.0,One SIM ,Mini-SIM ,Yes ,Yes ,2014 Y.,1,6
141,Iphone XR 128gb,950.0,Yes ,No,1600,No ,LCD ,Yes ,128,Yes ,No ,1,iOS ,12,4.0,6.0,One SIM ,Nano-SIM ,,,2019 Y.,1,xr
142,IPHONE XS PRO MAX 512 GB შავი,1500.0,Yes ,No,3100,No ,Super Retina XDR OLED ,Yes ,512,Yes ,Yes ,4,iOS ,12,4.0,6.5,Dual SIM ,Nano-SIM ,Yes ,Yes ,2018 Y.,7,xs pro
143,Iphone 6s,250.0,Yes ,No,1700,No ,IPS LCD ,Yes ,32,Yes ,Yes ,1,iOS ,12,2.0,4.7,One SIM ,Nano-SIM ,Yes ,Yes ,2015 Y.,1,6s
144,iphone 11 pro max,2300.0,No ,No,5500,Yes,Super Retina XDR OLED ,No ,64,Yes ,No ,3,iOS ,3,6.0,6.26,Dual SIM ,Nano-SIM ,,,2021 Y.,2,11 pro
145,iphone x 256 gb აიფონ x 256 გბ,1000.0,Yes ,No,1100,No ,Dynamic AMOLED ,Yes ,256,Yes ,Yes ,2,iOS ,12,4.0,6.7,One SIM ,Nano-SIM ,Yes ,Yes ,2020 Y.,1,x
146,iphone 7 32gb,380.0,Yes ,No,2000,No ,LCD ,Yes ,64,Yes ,Yes ,1,iOS ,12,4.0,4.7,One SIM ,Nano-SIM ,Yes ,Yes ,2016 Y.,5,7
147,iphone 6s 32gb,320.0,Yes ,No,2100,No ,IPS ,Yes ,32,Yes ,Yes ,2,iOS ,13,4.0,4.7,One SIM ,Nano-SIM ,Yes ,Yes ,2015 Y.,8,6s
148,iphone 6s 16gb,300.0,Yes ,No,2000,No ,IPS LCD ,Yes ,16,Yes ,Yes ,2,iOS ,13,4.0,4.7,One SIM ,Nano-SIM ,Yes ,Yes ,2015 Y.,8,6s
149,iphone 6s 16gb,280.0,Yes ,No,2100,No ,Retina IPS LCD ,Yes ,16,Yes ,Yes ,2,iOS ,13,4.0,4.7,One SIM ,Nano-SIM ,Yes ,Yes ,2015 Y.,5,6s
150,iphone 5c 16gb,140.0,Yes ,No,1900,Yes ,LCD ,Yes ,16,Yes ,No ,1,iOS ,5,1.0,4.0,One SIM ,Nano-SIM ,Yes ,Yes ,2016 Y.,5,5c
151,iphone 5 32GB,150.0,Yes ,No,1800,No ,IPS ,Yes ,32,Yes ,No ,1,iOS ,5,1.0,4.0,One SIM ,Nano-SIM ,Yes ,Yes ,2012 Y.,5,5
152,iPhone XS 256 GB Gold გაბზარულია უკან,1000.0,Yes ,No,2600,No ,Super Retina XDR OLED ,Yes ,256,Yes ,Yes ,2,iOS ,12,4.0,5.8,Dual SIM ,Nano-SIM ,Yes ,Yes ,2018 Y.,7,xs
153,iphone xs max,1300.0,Yes ,No,3300,,Dynamic AMOLED ,Yes ,64,Yes ,Yes ,2,iOS ,2,4.0,6.7,Dual SIM ,Nano-SIM ,,,2019 Y.,1,xs max
154,APPLE IPHONE XS 64GB ID: 163260-4,1150.0,Yes ,No,2700,No ,Super Retina XDR OLED ,Yes ,64,Yes ,Yes ,2,iOS ,12,4.0,5.8,One SIM ,Nano-SIM ,Yes ,Yes ,2018 Y.,7,xs
155,iphone 12 pro max,2800.0,Yes ,Yes,3600,No ,Super Retina XDR OLED ,Yes ,256,Yes ,Yes ,3,iOS ,12,6.0,6.7,One SIM ,Nano-SIM ,Yes ,Yes ,2020 Y.,1,12 pro
156,iPhone 6 16 GB განვადებათბს საქართველო კრედო ბანკი,270.0,Yes ,No,1700,Yes ,LCD ,Yes ,16,Yes ,Yes ,1,iOS ,12,1.0,4.7,One SIM ,Nano-SIM ,Yes ,Yes ,2016 Y.,12,6
157,"iPhone 8 64GB 1წლიანი გარანტია, განვადება კრედო,",800.0,Yes ,No,1800,Yes ,LCD ,Yes ,64,Yes ,Yes ,1,iOS ,12,2.0,4.7,One SIM ,Nano-SIM ,Yes ,Yes ,2017 Y.,8,8
158,იყიდება Iphone 6,150.0,Yes ,Yes,1800,,LCD ,Yes ,16,Yes ,Yes ,2,iOS ,8,1.0,4.7,One SIM ,Nano-SIM ,,,2014 Y.,1,6
159,iphone 4s iafad,50.0,Yes ,No,1500,No ,LCD ,No ,16,No ,No ,2,iOS ,8,0.5,3.5,One SIM ,Micro-SIM ,Yes ,Yes ,2011 Y.,1,4s
160,იყიდება Iphone 6,180.0,Yes ,Yes,9000,,LCD ,Yes ,16,Yes ,Yes ,2,iOS ,8,1.0,4.7,One SIM ,Nano-SIM ,,,2014 Y.,1,6
161,iphone 5 16 GB uproblemo,90.0,Yes ,No,1500,No ,IPS ,Yes ,16,Yes ,No ,2,iOS ,8,1.0,4.0,One SIM ,Nano-SIM ,Yes ,Yes ,2012 Y.,2,5
162,iphone 6s,200.0,Yes ,No,1700,No ,IPS LCD ,No ,64,No ,No ,2,iOS ,12,3.0,4.7,One SIM ,Nano-SIM ,,,2015 Y.,1,6s
163,iPhone 6 16 GB,150.0,Yes ,No,1800,No ,LCD ,Yes ,64,Yes ,Yes ,2,iOS ,1,4.0,4.7,One SIM ,Nano-SIM ,Yes ,Yes ,2014 Y.,1,6
164,"IPhone 8 64 GB -1 წლიანი გარანტიით, განავდებით",1000.0,Yes ,No,1800,No ,LCD TFT ,Yes ,64,Yes ,Yes ,2,iOS ,12,2.0,4.7,One SIM ,Nano-SIM ,Yes ,Yes ,2017 Y.,7,8
165,"IPhone XR 64GB -1 წლიანი გარანტიით,განავდებით",999.0,Yes ,No,1800,Yes ,LCD ,Yes ,64,Yes ,Yes ,2,iOS ,12,3.0,5.8,One SIM ,Nano-SIM ,Yes ,Yes ,2018 Y.,12,xr
166,"Apple Iphone 11 Pro 256GB -1 წლიანი გარანტიით, განვადებით",2649.0,Yes ,No,3000,No ,Dynamic AMOLED ,Yes ,256,Yes ,Yes ,2,iOS ,12,4.0,5.8,One SIM ,Nano-SIM ,Yes ,Yes ,2019 Y.,12,11 pro
167,"IPhone X 64GB -1 წლიანი გარანტიით,განვადებით",1399.0,Yes ,No,2700,Yes ,Dynamic AMOLED ,Yes ,64,Yes ,Yes ,2,iOS ,12,3.0,5.8,One SIM ,Nano-SIM ,Yes ,Yes ,2017 Y.,7,x
168,"IPhone X 64GB -1 წლიანი გარანტიით, განვდებით",999.0,Yes ,No,2700,Yes ,Dynamic AMOLED ,Yes ,64,Yes ,Yes ,2,iOS ,12,3.0,5.8,One SIM ,Nano-SIM ,Yes ,Yes ,2017 Y.,7,x
169,"IPhone X 64GB -1 წლიანი გარანტიით, განვადებით",1299.0,Yes ,No,2700,Yes ,Dynamic AMOLED ,Yes ,64,Yes ,Yes ,2,iOS ,12,3.0,5.8,One SIM ,Nano-SIM ,Yes ,Yes ,2017 Y.,7,x
170,"IPhone 8 64GB -1 წლიანი გარანტიით, განვადებით",949.0,Yes ,No,1800,Yes ,LCD TFT ,Yes ,64,Yes ,Yes ,2,iOS ,12,2.0,4.7,One SIM ,Nano-SIM ,Yes ,Yes ,2017 Y.,7,8
171,"IPhone 8 64GB GOLD -1 წლიანი გარანტიით, განვადებით",899.0,Yes ,No,1800,Yes ,LCD TFT ,Yes ,64,Yes ,Yes ,2,iOS ,12,2.0,4.7,One SIM ,Nano-SIM ,Yes ,Yes ,2017 Y.,7,8
172,iphone 7 dazianebulia,170.0,Yes ,No,2000,No ,LCD ,Yes ,32,Yes ,Yes ,2,iOS ,12,2.0,4.7,One SIM ,Nano-SIM ,Yes ,Yes ,2016 Y.,7,7
173,saswrafod!!! iphone 6 plus sim free,180.0,Yes ,No,3000,No ,LCD ,Yes ,16,Yes ,Yes ,2,iOS ,8,1.0,5.5,One SIM ,Nano-SIM ,Yes ,Yes ,2014 Y.,5,6
174,"IPhone X 64GB -1 წლიანი გარანტიით, განვადებით",1399.0,Yes ,No,2700,Yes ,Dynamic AMOLED ,Yes ,64,Yes ,Yes ,2,iOS ,12,3.0,5.8,One SIM ,Nano-SIM ,Yes ,Yes ,2018 Y.,7,x
175,Apple 8 Plus 64GB - 1 წლიანი გარანტიით განვადებით,1199.0,Yes ,No,2600,No ,LTPS IPS LCD ,Yes ,64,Yes ,Yes ,2,iOS ,12,3.0,5.5,One SIM ,Nano-SIM ,Yes ,Yes ,2017 Y.,7,8+
176,"IPhone Xs Max 512GB -1 წლიანი გარანტიით, განვადებით",2499.0,Yes ,No,3000,Yes ,Dynamic AMOLED ,Yes ,512,Yes ,Yes ,2,iOS ,12,4.0,6.5,One SIM ,Nano-SIM ,Yes ,Yes ,2018 Y.,7,xs max
177,"IPhone 11 Pro max 64GB -1წლიანი გარანტიით, განვადებით",2949.0,Yes ,Yes,3900,Yes ,Dynamic AMOLED ,Yes ,64,Yes ,Yes ,2,iOS ,12,4.0,6.5,One SIM ,Nano-SIM ,Yes ,Yes ,2019 Y.,7,11 pro
178,"IPhone 6S 32 GB - 1 წლიანი განვადებით, გარანტიით",420.0,Yes ,No,1700,Yes ,LCD TFT ,Yes ,32,Yes ,Yes ,2,iOS ,12,2.0,4.7,One SIM ,Nano-SIM ,Yes ,Yes ,2015 Y.,5,6s
179,"IPhone 11 Pro Max 64 GB - 1 წლიანი გარანტიით, განავდებით",2799.0,Yes ,No,3900,No ,Dynamic AMOLED ,Yes ,64,Yes ,No ,2,iOS ,12,4.0,6.5,One SIM ,Nano-SIM ,Yes ,Yes ,2019 Y.,12,11 pro
180,"IPhone 6S Plus 64 GB -1 წლიანი გარანტიით, განვადებით",699.0,Yes ,No,2700,No ,LCD TFT ,Yes ,64,Yes ,Yes ,2,iOS ,12,2.0,5.5,One SIM ,Nano-SIM ,Yes ,Yes ,2015 Y.,7,6s
181,IPhone XS 64GB -1 წლიანი გარანტიით,1599.0,Yes ,No,2600,No ,Dynamic AMOLED ,Yes ,64,Yes ,Yes ,2,iOS ,12,4.0,5.8,One SIM ,Nano-SIM ,Yes ,Yes ,2019 Y.,7,xs
182,"IPhone XS 64GB -1 წლიანი გარანტიით, განვადებით",1599.0,Yes ,No,2700,No ,Dynamic AMOLED ,Yes ,64,Yes ,Yes ,2,iOS ,12,3.0,5.8,One SIM ,Nano-SIM ,Yes ,Yes ,2018 Y.,7,xs
183,"IPhone 6 Plus 16 GB -1 წლიანი გარანტიით, განვადებით",499.0,Yes ,No,2900,No ,LCD TFT ,Yes ,16,Yes ,Yes ,2,iOS ,8,1.0,5.5,One SIM ,Nano-SIM ,Yes ,Yes ,2016 Y.,1,6
184,iphone 11,1400.0,Yes ,No,3400,Yes ,Liquid Retina IPS LCD ,Yes ,64,Yes ,Yes ,2,iOS ,2,4.0,6.26,One SIM ,Micro-SIM ,Yes ,Yes ,2019 Y.,1,11
185,iPhone XS,1300.0,Yes ,No,3000,No ,Super Retina XDR OLED ,Yes ,64,Yes ,Yes ,2,iOS ,12,4.0,6.1,Dual SIM ,Nano-SIM ,Yes ,Yes ,2019 Y.,5,xs
186,iPhone 7,350.0,Yes ,No,1900,Yes ,LCD ,Yes ,128,Yes ,Yes ,2,iOS ,12,2.0,4.7,One SIM ,Nano-SIM ,Yes ,Yes ,2019 Y.,5,7
187,Iphone Xs,1350.0,Yes ,Yes,2600,Yes ,AMOLED ,Yes ,64,Yes ,Yes ,1,iOS ,12,4.0,6.0,One SIM ,Nano-SIM ,Yes ,Yes ,2019 Y.,1,xs
188,Iphone 12 pro max,3300.0,Yes ,Yes,3700,Yes ,Super Retina XDR OLED ,Yes ,128,Yes ,Yes ,3,iOS ,12,6.0,6.7,One SIM ,Nano-SIM ,Yes ,Yes ,2020 Y.,12,12 pro
189,Iphone 12 .,2400.0,Yes ,Yes,2800,Yes ,Super Retina XDR OLED ,Yes ,64,Yes ,Yes ,2,iOS ,12,4.0,6.1,One SIM ,Nano-SIM ,Yes ,Yes ,2020 Y.,12,12
190,Iphone 11 pro,2300.0,Yes ,Yes,3100,Yes ,Super AMOLED ,Yes ,64,Yes ,Yes ,3,iOS ,12,4.0,6.5,One SIM ,Nano-SIM ,Yes ,Yes ,2020 Y.,8,11 pro
191,iPhone 7 32 Gb,500.0,No ,No,1700,Yes ,IPS ,Yes ,32,Yes ,Yes ,1,iOS ,1,2.0,4.7,One SIM ,Nano-SIM ,Yes ,Yes ,2019 Y.,1,7
192,iPhone 8 Plus 64GB Gold,800.0,No ,No,2900,,IPS LCD ,No ,64,Yes ,No ,2,iOS ,13,4.0,5.5,One SIM ,Nano-SIM ,,,2019 Y.,8,8
193,iPhone 12 Pro MAX 256GB,3100.0,Yes ,Yes,4300,No ,Super Retina XDR OLED ,Yes ,256,Yes ,Yes ,3,iOS ,12,6.0,6.67,Dual SIM ,Nano-SIM ,Yes ,Yes ,2020 Y.,8,12 pro
194,iPhone X 64 GB,750.0,Yes ,Yes,2700,No ,Dynamic AMOLED ,Yes ,64,Yes ,No ,2,iOS ,2,4.0,5.8,One SIM ,Nano-SIM ,No ,Yes ,2017 Y.,1,x
195,iphone 5s არ ირთვება,30.0,Yes ,No,1300,No ,LCD ,Yes ,16,Yes ,No ,2,iOS ,1,2.0,4.2,One SIM ,Nano-SIM ,Yes ,Yes ,2012 Y.,1,5s
196,Apple Iphone 11 pro max 64GB gold,2300.0,Yes ,No,3200,Yes ,Super AMOLED ,Yes ,64,Yes ,Yes ,3,iOS ,3,4.0,6.7,One SIM ,Mini-SIM ,Yes ,Yes ,2019 Y.,2,11 pro
197,Apple Iphone 11 pro max 64GB gold,2300.0,Yes ,No,3200,Yes ,Super AMOLED ,Yes ,64,Yes ,Yes ,3,iOS ,3,4.0,6.7,One SIM ,Mini-SIM ,Yes ,Yes ,2019 Y.,2,11 pro
198,Apple Iphone 11 pro 256GB,2300.0,Yes ,No,2400,Yes ,Super AMOLED ,Yes ,256,Yes ,Yes ,3,iOS ,3,4.0,5.8,One SIM ,Mini-SIM ,Yes ,Yes ,2019 Y.,1,11 pro
199,iPhone 7 32 gb sim free,400.0,Yes ,Yes,2000,Yes ,LCD TFT ,Yes ,32,Yes ,Yes ,1,iOS ,20,4.0,4.0,One SIM ,Nano-SIM ,Yes ,Yes ,2018 Y.,13,7
200,iPhone X 64GB Sim Free,1100.0,Yes ,Yes,3500,Yes ,Dynamic AMOLED ,Yes ,64,Yes ,Yes ,2,iOS ,48,8.0,5.0,One SIM ,Nano-SIM ,Yes ,Yes ,2018 Y.,20,x
201,iphone 11 Pro,2050.0,Yes ,No,3100,No ,Super Retina XDR OLED ,Yes ,64,Yes ,Yes ,3,iOS ,12,4.0,5.8,Dual SIM ,Nano-SIM ,Yes ,Yes ,2020 Y.,12,11 pro
202,Iphone 11 green 64gb,1550.0,Yes ,Yes,700,Yes ,LCD ,Yes ,4,Yes ,Yes ,1,Feature phones ,2,0.5,4.0,One SIM ,Nano-SIM ,Yes ,Yes ,2000 Y.,1,11
203,Apple iPhone 6s 32GB,270.0,Yes ,No,1800,No ,Retina IPS LCD ,Yes ,32,Yes ,No ,1,iOS ,12,4.0,4.7,One SIM ,Nano-SIM ,Yes ,Yes ,2016 Y.,7,6s
204,IPHONE 11 PRO MAX 646GB Space Gray 91%,2450.0,Yes ,No,4000,No ,Super Retina XDR OLED ,Yes ,64,Yes ,Yes ,3,iOS ,12,4.0,6.5,One SIM ,Nano-SIM ,Yes ,Yes ,2020 Y.,12,11 pro
205,IPHONE X 64GB Silver 96%,1000.0,Yes ,No,2800,No ,Super Retina XDR OLED ,Yes ,64,Yes ,Yes ,2,iOS ,12,4.0,5.8,One SIM ,Nano-SIM ,Yes ,Yes ,2018 Y.,7,x
206,IPHONE 8 64GB Red,600.0,Yes ,No,2000,No ,Retina IPS LCD ,Yes ,64,Yes ,Yes ,1,iOS ,12,4.0,4.7,One SIM ,Nano-SIM ,Yes ,Yes ,2017 Y.,7,8
207,IPHONE XR Black 64GB 89%,1000.0,Yes ,No,3000,No ,Retina IPS LCD ,Yes ,64,Yes ,Yes ,1,iOS ,12,4.0,6.1,One SIM ,Nano-SIM ,Yes ,Yes ,2019 Y.,7,xr
208,Apple iPhone SE (2020) 88% Space Gray,820.0,Yes ,No,2000,No ,Retina IPS LCD ,Yes ,64,Yes ,Yes ,1,iOS ,12,4.0,4.7,One SIM ,Nano-SIM ,Yes ,Yes ,2020 Y.,7,se
209,Iphone 11 Purple 85% ტურბო სიმი ნაკაწრები.,1200.0,Yes ,No,3100,No ,Retina IPS LCD ,Yes ,64,Yes ,Yes ,2,iOS ,12,4.0,6.1,One SIM ,Nano-SIM ,Yes ,Yes ,2020 Y.,12,11
210,IPHONE 11 PRO Space Gray 64GB,1950.0,Yes ,No,3100,No ,Super Retina XDR OLED ,Yes ,64,Yes ,Yes ,3,iOS ,12,4.0,5.8,One SIM ,Nano-SIM ,Yes ,Yes ,2020 Y.,12,11 pro
211,IPHONE XS 256GB Space Gray. ყუთით დაზიანებული,800.0,Yes ,No,2800,No ,Super Retina XDR OLED ,Yes ,256,Yes ,Yes ,2,iOS ,12,4.0,5.8,One SIM ,Nano-SIM ,Yes ,Yes ,2018 Y.,7,xs
212,IPHONE 8 64GB Space Gray,600.0,Yes ,No,2000,No ,Retina IPS LCD ,Yes ,64,Yes ,Yes ,1,iOS ,12,4.0,4.7,One SIM ,Nano-SIM ,Yes ,Yes ,2018 Y.,7,8
213,დაბლოკილი!!! IPHONE XR Black - Blue 64GB,400.0,Yes ,No,3000,No ,Retina IPS LCD ,Yes ,64,Yes ,Yes ,1,iOS ,12,4.0,6.1,One SIM ,Nano-SIM ,Yes ,Yes ,2019 Y.,7,xr
214,IPHONE 5 აიქლაუდზე დაბლოკილი ნაწილებად.,50.0,Yes ,No,1500,No ,IPS ,Yes ,16,Yes ,No ,1,iOS ,8,4.0,4.0,One SIM ,Nano-SIM ,Yes ,Yes ,2015 Y.,5,5
215,IPHONE 11 PRO Silver 64GB,1950.0,Yes ,No,3100,No ,Super Retina XDR OLED ,Yes ,64,Yes ,Yes ,3,iOS ,12,4.0,5.8,One SIM ,Nano-SIM ,Yes ,Yes ,2020 Y.,12,11 pro
216,IPHONE 8 PLUS Red 64GB,630.0,Yes ,No,2700,No ,Retina IPS LCD ,Yes ,64,Yes ,Yes ,2,iOS ,12,4.0,5.5,One SIM ,Nano-SIM ,Yes ,Yes ,2018 Y.,7,8
217,iphone 8 black 64 GB,629.0,Yes ,Yes,2600,No ,LCD ,Yes ,64,Yes ,Yes ,1,iOS ,12,3.0,4.7,One SIM ,Nano-SIM ,Yes ,Yes ,2018 Y.,8,8
218,iphone 6s 64GB,180.0,Yes ,No,1700,No ,IPS LCD ,Yes ,64,Yes ,Yes ,1,iOS ,12,2.0,4.7,One SIM ,Nano-SIM ,,,2015 Y.,8,6s
219,Iphone 7,430.0,Yes ,Yes,4500,Yes ,IPS ,Yes ,64,Yes ,Yes ,2,iOS ,64,4.0,5.1,Dual SIM ,Mini-SIM ,Yes ,Yes ,2020 Y.,1,7
220,iphone 7 black 32 GB,399.0,Yes ,Yes,2600,No ,LCD ,Yes ,32,Yes ,Yes ,1,iOS ,12,2.0,4.7,One SIM ,Nano-SIM ,Yes ,Yes ,2018 Y.,8,7
221,iphone 6s space gray 32 GB,299.0,Yes ,Yes,2600,No ,LCD ,Yes ,32,Yes ,Yes ,1,iOS ,12,2.0,4.7,One SIM ,Nano-SIM ,Yes ,Yes ,2018 Y.,5,6s
222,iphone 7 silver 32 gb,350.0,Yes ,Yes,2700,Yes ,LCD ,Yes ,32,Yes ,Yes ,1,iOS ,12,2.0,4.7,One SIM ,Nano-SIM ,Yes ,Yes ,2018 Y.,8,7
223,iphone 7,330.0,Yes ,No,1800,No ,LCD ,Yes ,32,Yes ,Yes ,2,iOS ,1,2.0,4.6,One SIM ,Nano-SIM ,Yes ,Yes ,2017 Y.,1,7
224,iPhone 11,1850.0,Yes ,No,3100,Yes ,Retina IPS LCD ,Yes ,64,Yes ,Yes ,2,iOS ,12,4.0,6.5,One SIM ,Nano-SIM ,Yes ,Yes ,2020 Y.,13,11
225,IPHONE 6 16GB აიქლაუდზე დაბლოკილი,90.0,Yes ,No,1800,No ,Retina IPS LCD ,Yes ,16,Yes ,No ,1,iOS ,8,4.0,4.7,One SIM ,Nano-SIM ,Yes ,Yes ,2018 Y.,5,6
226,Iphone 12 Pro max,3550.0,Yes ,Yes,3700,No ,Super Retina XDR OLED ,Yes ,128,Yes ,Yes ,3,iOS ,12,6.0,6.7,One SIM ,Nano-SIM ,Yes ,Yes ,2020 Y.,12,12 pro
227,iPhone 11 pro max 512gb,2700.0,Yes ,No,4000,Yes ,Super Retina XDR OLED ,Yes ,512,Yes ,Yes ,3,iOS ,64,4.0,6.5,Dual SIM ,Nano-SIM ,Yes ,Yes ,2019 Y.,1,11 pro
228,Iphone 7 ყუთით და კარგ მდგომარეობაში,450.0,Yes ,Yes,900,No ,LCD ,Yes ,32,Yes ,No ,2,iOS ,2,4.0,5.3,One SIM ,Nano-SIM ,Yes ,No ,2016 Y.,1,7
229,იყიდება აიფონ 11-iphone 11,1900.0,Yes ,Yes,2400,No ,IPS LCD ,Yes ,64,Yes ,Yes ,2,iOS ,12,4.0,6.5,One SIM ,Micro-SIM ,No ,Yes ,2019 Y.,1,11
230,iphon xs max,1330.0,Yes ,No,2800,No ,LCD ,Yes ,256,Yes ,Yes ,3,iOS ,12,4.0,6.5,One SIM ,Nano-SIM ,Yes ,Yes ,2019 Y.,8,xs max
231,სასწრაფოდ! იყიდება Iphone XS.,2000.0,Yes ,No,1000,No ,Super Retina XDR OLED ,Yes ,64,Yes ,Yes ,2,iOS ,64,8.0,4.3,One SIM ,Nano-SIM ,No ,Yes ,2019 Y.,1,xs
232,Iphone xs,1150.0,Yes ,No,2700,No ,Super Retina XDR OLED ,Yes ,64,Yes ,Yes ,2,iOS ,12,4.0,5.8,Dual SIM ,Nano-SIM ,Yes ,Yes ,2019 Y.,8,xs
233,iphone 5s 16 gb,130.0,Yes ,No,500,No ,LCD ,Yes ,16,Yes ,No ,1,iOS ,1,12.0,3.0,One SIM ,Micro-SIM ,,,2000 Y.,1,5s
234,Apple iPhone 7 Plus 32GB Gold,480.0,Yes ,No,2900,No ,LCD ,Yes ,32,Yes ,Yes ,2,iOS ,8,2.0,5.5,One SIM ,Nano-SIM ,Yes ,Yes ,2016 Y.,1,7
235,iphone se 2020,710.0,No ,No,1800,No ,Retina IPS LCD ,Yes ,64,Yes ,Yes ,2,iOS ,12,3.0,4.7,One SIM ,Nano-SIM ,Yes ,Yes ,2020 Y.,8,se
236,Iphone 7 32Gb Matte Black,400.0,Yes ,No,1900,No ,LCD ,Yes ,32,Yes ,No ,1,iOS ,12,2.0,4.7,One SIM ,Nano-SIM ,No ,No ,2016 Y.,7,7
237,Iphone SE 2020,1100.0,Yes ,Yes,3000,Yes ,LCD ,Yes ,64,Yes ,Yes ,2,iOS ,12,4.0,4.7,One SIM ,Micro-SIM ,Yes ,Yes ,2020 Y.,1,se
238,Iphone 6s Gold 32gb 100% +Usb,250.0,Yes ,No,1700,,IPS LCD ,Yes ,64,Yes ,Yes ,2,iOS ,1,3.0,4.7,One SIM ,Nano-SIM ,,,2016 Y.,1,6s
239,Iphone 8 64gb 92%,450.0,Yes ,No,1900,,IPS LCD ,Yes ,64,Yes ,Yes ,2,iOS ,12,3.0,4.7,One SIM ,Nano-SIM ,,,2017 Y.,1,8
240,Iphone 8 64gb 92%,450.0,Yes ,No,1900,,IPS LCD ,Yes ,64,Yes ,Yes ,2,iOS ,12,3.0,4.7,One SIM ,Nano-SIM ,,,2017 Y.,1,8
241,iphone 6S აიფონ 6ს,320.0,Yes ,No,2400,Yes ,AMOLED ,Yes ,16,Yes ,No ,1,iOS ,1,2.0,3.5,One SIM ,Micro-SIM ,Yes ,Yes ,2015 Y.,1,6s
242,iphone 8,650.0,Yes ,No,1900,No ,IPS LCD ,Yes ,64,Yes ,Yes ,1,iOS ,1,4.0,6.5,One SIM ,Mini-SIM ,Yes ,Yes ,2018 Y.,1,8
243,Iphone X 64 gb,1037.433333,Yes ,No,500,No ,LCD ,Yes ,64,Yes ,No ,1,iOS ,1,12.0,6.47,One SIM ,Micro-SIM ,Yes ,Yes ,2017 Y.,1,x
244,iphone xs max 64gb,1200.0,Yes ,No,3200,Yes,Dynamic AMOLED ,Yes ,64,Yes ,Yes ,1,iOS ,12,4.0,6.5,One SIM ,Nano-SIM ,,,2019 Y.,7,xs max
245,Iphone 5 SE,200.0,Yes ,No,600,No ,IPS ,Yes ,64,Yes ,No ,2,iOS ,2,4.0,4.2,One SIM ,Micro-SIM ,No ,Yes ,2012 Y.,1,5
246,ipone 13 pro,4099.0,No ,Yes,10000,No ,,Yes ,128,Yes ,Yes ,2,iOS ,3,4.0,6.6,One SIM ,Nano-SIM ,No ,Yes ,2021 Y.,1,13 pro
247,iPhone 7 plus 32 GB,615.0,Yes ,No,3000,Yes ,LCD ,Yes ,32,Yes ,Yes ,2,iOS ,64,3.0,5.5,One SIM ,Nano-SIM ,Yes ,Yes ,2016 Y.,64,7+
248,IPHONE 12 PRO MAX 256GB ID:151878-2,3350.0,Yes ,Yes,4700,No ,Super Retina XDR OLED ,Yes ,256,Yes ,Yes ,3,iOS ,12,6.0,6.5,One SIM ,Nano-SIM ,Yes ,Yes ,2021 Y.,12,12 pro
249,APPLE IPHONE 8 64GB ID:158715-V,600.0,Yes ,No,1900,No ,IPS LCD ,Yes ,64,Yes ,Yes ,1,iOS ,12,2.0,4.7,One SIM ,Nano-SIM ,Yes ,Yes ,2017 Y.,7,8
250,APPLE IPHONE 12 MINI 64GB ID: 153558-V,1800.0,Yes ,Yes,2300,No ,Super Retina XDR OLED ,Yes ,64,Yes ,Yes ,2,iOS ,12,4.0,5.2,One SIM ,Nano-SIM ,Yes ,Yes ,2020 Y.,13,12
251,IPHONE 11 64GB RED ID:155288-3,1700.0,Yes ,No,3100,No ,Liquid Retina IPS LCD ,Yes ,64,Yes ,Yes ,2,iOS ,12,4.0,6.3,One SIM ,Nano-SIM ,Yes ,Yes ,2019 Y.,12,11
252,IPHONE 6S 32GB ID: 144250-4,280.0,Yes ,No,1800,No ,IPS LCD ,Yes ,32,Yes ,Yes ,1,iOS ,12,2.0,4.7,One SIM ,Nano-SIM ,Yes ,Yes ,2016 Y.,5,6s
253,APPLE IPHONE 11 64GB ID:160773-3,1900.0,Yes ,No,3100,Yes ,Liquid Retina IPS LCD ,Yes ,64,Yes ,Yes ,2,iOS ,64,4.0,6.59,One SIM ,Micro-SIM ,No ,Yes ,2019 Y.,12,11
254,APPLE IPHONE 7 32GB ID: 159664-2,380.0,Yes ,No,2000,No ,Retina IPS LCD ,Yes ,32,Yes ,Yes ,1,iOS ,12,2.0,4.5,One SIM ,Nano-SIM ,Yes ,Yes ,2016 Y.,5,7
255,APPLE IPHONE 7 32GB ID: 159664-2,380.0,Yes ,No,2000,No ,Retina IPS LCD ,Yes ,32,Yes ,Yes ,1,iOS ,12,2.0,4.5,One SIM ,Nano-SIM ,Yes ,Yes ,2016 Y.,5,7
256,APPLE IPHONE 6S 32GB ID: 159751-4,270.0,Yes ,No,1800,No ,IPS LCD ,Yes ,32,Yes ,Yes ,1,iOS ,12,2.0,4.7,One SIM ,Nano-SIM ,Yes ,Yes ,2016 Y.,5,6s
257,IPHONE SE 2020 64GB ID: 153386-1,900.0,Yes ,No,1900,No ,Retina IPS LCD ,Yes ,64,Yes ,Yes ,1,iOS ,12,3.0,4.6,One SIM ,Nano-SIM ,Yes ,Yes ,2020 Y.,7,se
258,IPHONE 7 32GB A1778 ID: 149655-2,350.0,Yes ,No,2000,No ,IPS LCD ,Yes ,32,Yes ,Yes ,1,iOS ,12,2.0,4.7,One SIM ,Nano-SIM ,Yes ,Yes ,2016 Y.,7,7
259,IPHONE 6S 32GB ID: 158325-2,260.0,Yes ,No,1800,No ,IPS LCD ,Yes ,32,Yes ,No ,1,iOS ,12,2.0,4.7,One SIM ,Nano-SIM ,Yes ,Yes ,2015 Y.,2,6s
260,IPHONE 6S 16 GB ID:120774-4,270.0,Yes ,No,1800,No ,IPS LCD ,Yes ,16,Yes ,Yes ,1,iOS ,12,2.0,4.7,One SIM ,Nano-SIM ,Yes ,Yes ,2016 Y.,5,6s
261,IPHONE 6S 16GB ID: 154264-1,200.0,Yes ,No,1800,No ,IPS LCD ,Yes ,16,Yes ,Yes ,1,iOS ,12,2.0,4.5,One SIM ,Nano-SIM ,Yes ,Yes ,2015 Y.,5,6s
262,APPLE IPHONE 11 64GB ID:159461-2,1750.0,Yes ,No,3100,No ,Super Retina XDR OLED ,Yes ,64,Yes ,Yes ,2,iOS ,12,4.0,6.7,One SIM ,Nano-SIM ,Yes ,Yes ,2019 Y.,12,11
263,IPHONE 6S 32GB ID: 158325-2,260.0,Yes ,No,1800,No ,IPS LCD ,Yes ,32,Yes ,No ,1,iOS ,12,2.0,4.7,One SIM ,Nano-SIM ,Yes ,Yes ,2015 Y.,2,6s
264,IPHONE 7 32GB A1778 ID: 149655-2,350.0,Yes ,No,2000,No ,IPS LCD ,Yes ,32,Yes ,Yes ,1,iOS ,12,2.0,4.7,One SIM ,Nano-SIM ,Yes ,Yes ,2016 Y.,7,7
265,IPHONE SE 2020 64GB ID: 153386-1,900.0,Yes ,No,1900,No ,Retina IPS LCD ,Yes ,64,Yes ,Yes ,1,iOS ,12,3.0,4.6,One SIM ,Nano-SIM ,Yes ,Yes ,2020 Y.,7,se
266,APPLE IPHONE 6S 32GB ID: 159751-4,270.0,Yes ,No,1800,No ,IPS LCD ,Yes ,32,Yes ,Yes ,1,iOS ,12,2.0,4.7,One SIM ,Nano-SIM ,Yes ,Yes ,2016 Y.,5,6s
267,APPLE IPHONE 7 32GB ID: 159664-2,380.0,Yes ,No,2000,No ,Retina IPS LCD ,Yes ,32,Yes ,Yes ,1,iOS ,12,2.0,4.5,One SIM ,Nano-SIM ,Yes ,Yes ,2016 Y.,5,7
268,APPLE IPHONE 11 64GB ID:160773-3,1900.0,Yes ,No,3100,Yes ,Liquid Retina IPS LCD ,Yes ,64,Yes ,Yes ,2,iOS ,64,4.0,6.59,One SIM ,Micro-SIM ,No ,Yes ,2019 Y.,12,11
269,IPHONE 6S 32GB ID: 144250-4,280.0,Yes ,No,1800,No ,IPS LCD ,Yes ,32,Yes ,Yes ,1,iOS ,12,2.0,4.7,One SIM ,Nano-SIM ,Yes ,Yes ,2016 Y.,5,6s
270,IPHONE 11 64GB RED ID:155288-3,1700.0,Yes ,No,3100,No ,Liquid Retina IPS LCD ,Yes ,64,Yes ,Yes ,2,iOS ,12,4.0,6.3,One SIM ,Nano-SIM ,Yes ,Yes ,2019 Y.,12,11
271,IPHONE 7 32 GB ID: 145922-4,300.0,Yes ,No,2000,No ,Retina IPS LCD ,Yes ,32,Yes ,Yes ,1,iOS ,12,2.0,4.7,One SIM ,Nano-SIM ,Yes ,Yes ,2016 Y.,7,7
272,APPLE IPHONE 11 64 GB ID: 153088-V,1800.0,Yes ,No,3100,No ,Super Retina XDR OLED ,Yes ,64,Yes ,Yes ,2,iOS ,12,4.0,6.7,One SIM ,Nano-SIM ,Yes ,Yes ,2019 Y.,12,11
273,APPLE IPHONE 6S 32GB ID: 157974-V,220.0,Yes ,No,1800,No ,IPS LCD ,Yes ,32,Yes ,Yes ,1,iOS ,12,2.0,4.7,One SIM ,Nano-SIM ,Yes ,Yes ,2016 Y.,5,6s
274,IPHONE 6S 16GB ID: 147872-1,260.0,Yes ,No,1800,No ,IPS LCD ,Yes ,16,Yes ,Yes ,1,iOS ,12,2.0,4.7,One SIM ,Nano-SIM ,Yes ,Yes ,2015 Y.,5,6s
275,APPLE IPHONE 8 PLUS 64GB ID: 155615-V,780.0,Yes ,No,2700,Yes ,Super Retina XDR OLED ,Yes ,64,Yes ,Yes ,2,iOS ,12,3.0,5.7,One SIM ,Nano-SIM ,Yes ,Yes ,2017 Y.,7,8
276,IPHONE 12 PRO MAX 128GB ID:131485-2,3250.0,Yes ,Yes,3700,No ,Super Retina XDR OLED ,Yes ,128,Yes ,Yes ,3,iOS ,12,6.0,6.7,One SIM ,Nano-SIM ,Yes ,Yes ,2020 Y.,12,12 pro
277,APPLE IPHONE 7 32GB A1660 ID: 157539-V,270.0,Yes ,No,2000,No ,IPS LCD ,Yes ,32,Yes ,Yes ,1,iOS ,12,2.0,4.6,One SIM ,Nano-SIM ,Yes ,Yes ,2016 Y.,5,7
278,IPHONE 12 PRO MAX 128GB ID:147383-3,2950.0,Yes ,Yes,4700,No ,Super Retina XDR OLED ,Yes ,128,Yes ,Yes ,3,iOS ,12,6.0,6.53,One SIM ,Nano-SIM ,Yes ,Yes ,2021 Y.,12,12 pro
279,IPHONE 11 64 GB ID: 157361-3,1850.0,Yes ,No,3200,No ,Liquid Retina IPS LCD ,Yes ,64,Yes ,Yes ,2,iOS ,12,4.0,6.1,One SIM ,Nano-SIM ,Yes ,Yes ,2019 Y.,12,11
280,IPHONE 11 64 GB ID: 157361-3,1850.0,Yes ,No,3200,No ,Liquid Retina IPS LCD ,Yes ,64,Yes ,Yes ,2,iOS ,12,4.0,6.1,One SIM ,Nano-SIM ,Yes ,Yes ,2019 Y.,12,11
281,IPHONE 7 32GB ID: 153549-2,400.0,Yes ,No,2000,No ,IPS LCD ,Yes ,32,Yes ,Yes ,1,iOS ,12,2.0,4.7,One SIM ,Nano-SIM ,Yes ,Yes ,2016 Y.,7,7
282,IPHONE SE 2020 64GB ID: 159825-1,870.0,Yes ,No,1900,No ,Retina IPS LCD ,Yes ,64,Yes ,Yes ,1,iOS ,12,3.0,4.7,One SIM ,Nano-SIM ,Yes ,Yes ,2020 Y.,7,se
283,IPHONE 11 64GB RED ID:157744-V,1800.0,Yes ,No,3100,No ,Liquid Retina IPS LCD ,Yes ,64,Yes ,Yes ,2,iOS ,12,4.0,6.7,One SIM ,Nano-SIM ,Yes ,Yes ,2019 Y.,12,11
284,IPHONE 7 32GB ID: 126318-4,300.0,Yes ,No,2000,No ,Retina IPS LCD ,Yes ,32,Yes ,Yes ,1,iOS ,12,2.0,4.7,One SIM ,Nano-SIM ,Yes ,Yes ,2016 Y.,5,7
285,IPHONE 12 PRO 128GB ID: 152947-1,3100.0,Yes ,Yes,2900,No ,Super Retina XDR OLED ,Yes ,128,Yes ,Yes ,3,iOS ,32,6.0,6.1,One SIM ,Nano-SIM ,Yes ,Yes ,2020 Y.,12,12 pro
286,IPHONE 7 PLUS 32GB ID: 125293-4,350.0,Yes ,No,2900,No ,Retina IPS LCD ,Yes ,64,Yes ,Yes ,1,iOS ,12,3.0,5.5,One SIM ,Nano-SIM ,Yes ,Yes ,2016 Y.,7,7
287,IPHONE 5S 16GB ID:110832-4,90.0,Yes ,No,1600,No ,IPS LCD ,Yes ,16,Yes ,No ,1,iOS ,8,1.0,4.0,One SIM ,Nano-SIM ,Yes ,Yes ,2013 Y.,1,5s
288,APPLE IPHONE 11 64GB ID:157865-V,1700.0,Yes ,No,3100,No ,Super Retina XDR OLED ,Yes ,64,Yes ,Yes ,2,iOS ,12,4.0,6.7,Dual SIM ,Nano-SIM ,Yes ,Yes ,2019 Y.,12,11
289,IPHONE 11 PRO 64 GB ID: 140470-V,1900.0,Yes ,No,3100,No ,Super Retina XDR OLED ,Yes ,64,Yes ,Yes ,3,iOS ,12,6.0,6.2,One SIM ,Mini-SIM ,Yes ,Yes ,2019 Y.,13,11 pro
290,APPLE IPHONE 6 16GB ID:125915-V,150.0,Yes ,No,1800,Yes ,IPS LCD ,Yes ,16,Yes ,No ,1,iOS ,12,1.0,4.6,One SIM ,Nano-SIM ,Yes ,Yes ,2015 Y.,5,6
291,IPHONE 7 32GB ID: 153549-2,400.0,Yes ,No,2000,No ,IPS LCD ,Yes ,32,Yes ,Yes ,1,iOS ,12,2.0,4.7,One SIM ,Nano-SIM ,Yes ,Yes ,2016 Y.,7,7
292,IPHONE 11 64 GB ID: 157361-3,1850.0,Yes ,No,3200,No ,Liquid Retina IPS LCD ,Yes ,64,Yes ,Yes ,2,iOS ,12,4.0,6.1,One SIM ,Nano-SIM ,Yes ,Yes ,2019 Y.,12,11
293,APPLE IPHONE 6S 32GB ID: 146091-V,270.0,Yes ,No,1800,No ,IPS LCD ,Yes ,32,Yes ,Yes ,1,iOS ,12,1.0,4.7,One SIM ,Nano-SIM ,Yes ,Yes ,2016 Y.,5,6s
294,APPLE IPHONE 7 32 GB ID: 145513-V,350.0,Yes ,No,2000,No ,Retina IPS LCD ,Yes ,32,Yes ,Yes ,1,iOS ,12,2.0,4.7,One SIM ,Nano-SIM ,Yes ,Yes ,2016 Y.,5,7
295,IPHONE 6S 32GB ID: 157300-2,250.0,Yes ,No,1800,No ,IPS LCD ,Yes ,32,Yes ,No ,1,iOS ,12,2.0,4.7,One SIM ,Nano-SIM ,Yes ,Yes ,2015 Y.,5,6s
296,APPLE IPHONE X 64GB ID: 150601-V,1100.0,Yes ,No,2800,No ,Super Retina XDR OLED ,Yes ,64,Yes ,Yes ,2,iOS ,12,3.0,5.8,One SIM ,Nano-SIM ,Yes ,Yes ,2017 Y.,7,x
297,APPLE IPHONE 8 64GB ID:158723-V,580.0,Yes ,No,1900,No ,IPS LCD ,Yes ,64,Yes ,Yes ,1,iOS ,12,2.0,4.6,One SIM ,Nano-SIM ,Yes ,Yes ,2017 Y.,7,8
298,IPHONE 6S 16GB ID: 147222-1,180.0,Yes ,No,1800,No ,IPS LCD ,Yes ,16,Yes ,Yes ,1,iOS ,12,2.0,4.6,One SIM ,Nano-SIM ,Yes ,Yes ,2015 Y.,5,6s
299,IPHONE 6S 16 GB ID:150496-4,230.0,Yes ,No,1800,No ,IPS LCD ,Yes ,16,Yes ,Yes ,1,iOS ,12,2.0,4.7,One SIM ,Nano-SIM ,Yes ,Yes ,2015 Y.,5,6s
300,APPLE IPHONE 8 64 GB ID: 151080-V,480.0,Yes ,No,1900,No ,Retina IPS LCD ,Yes ,64,Yes ,Yes ,1,iOS ,12,2.0,4.7,One SIM ,Nano-SIM ,Yes ,Yes ,2017 Y.,8,8
301,APPLE IPHONE X 64GB ID: 150601-V,1100.0,Yes ,No,2800,No ,Super Retina XDR OLED ,Yes ,64,Yes ,Yes ,2,iOS ,12,3.0,5.8,One SIM ,Nano-SIM ,Yes ,Yes ,2017 Y.,7,x
302,IPHONE 6S 32GB ID: 157300-2,250.0,Yes ,No,1800,No ,IPS LCD ,Yes ,32,Yes ,No ,1,iOS ,12,2.0,4.7,One SIM ,Nano-SIM ,Yes ,Yes ,2015 Y.,5,6s
303,APPLE IPHONE 7 32 GB ID: 145513-V,350.0,Yes ,No,2000,No ,Retina IPS LCD ,Yes ,32,Yes ,Yes ,1,iOS ,12,2.0,4.7,One SIM ,Nano-SIM ,Yes ,Yes ,2016 Y.,5,7
304,APPLE IPHONE 6S 32GB ID: 146091-V,270.0,Yes ,No,1800,No ,IPS LCD ,Yes ,32,Yes ,Yes ,1,iOS ,12,1.0,4.7,One SIM ,Nano-SIM ,Yes ,Yes ,2016 Y.,5,6s
305,iphone x saswrapot 900 gel,880.0,Yes ,Yes,2700,Yes ,AMOLED ,Yes ,64,Yes ,Yes ,2,iOS ,13,3.0,5.8,One SIM ,Nano-SIM ,Yes ,Yes ,2018 Y.,8,x
306,"იყიდება iphone 7 gold, თავის ყუთით უნაკაწრო იდეალურ მდგომარე",500.0,Yes ,No,1000,Yes ,IPS LCD ,Yes ,32,Yes ,Yes ,1,iOS ,1,4.0,6.0,One SIM ,Mini-SIM ,No ,Yes ,2017 Y.,1,7
307,Iphone 7 აიფონი 7,589.0,Yes ,Yes,700,No ,LCD ,Yes ,128,Yes ,Yes ,1,iOS ,1,1.0,3.5,One SIM ,Mini-SIM ,Yes ,Yes ,2016 Y.,1,7
308,iphone 7+,680.0,Yes ,No,2900,No ,LCD ,Yes ,32,Yes ,No ,1,iOS ,12,3.0,5.5,One SIM ,Nano-SIM ,Yes ,Yes ,2016 Y.,8,7+
309,ipnone 5s,170.0,Yes ,No,1600,Yes ,Super AMOLED Plus ,Yes ,16,Yes ,No ,1,iOS ,12,2.0,4.7,One SIM ,Nano-SIM ,Yes ,Yes ,2014 Y.,8,5s
310,iphone 5Se,140.0,Yes ,No,2900,Yes ,TFT ,Yes ,16,Yes ,Yes ,2,iOS ,2,1.5,4.4,One SIM ,Micro-SIM ,Yes ,Yes ,,1,5se
311,Apple iphone 7,270.0,Yes ,Yes,2400,No ,Liquid Retina IPS LCD ,Yes ,64,Yes ,Yes ,2,iOS ,8,3.0,4.7,One SIM ,Nano-SIM ,Yes ,Yes ,2018 Y.,8,7
312,iphone 8 64GB ⚡გ.ა.ნ.ვ.ა.დ.ე.ბ.ი.თ გ.ა.რ.ა.ნ.ტ.ი.ი.თ⚡,560.0,Yes ,No,2000,No ,IPS LCD ,Yes ,64,Yes ,Yes ,1,iOS ,12,2.0,4.7,One SIM ,Nano-SIM ,Yes ,Yes ,2017 Y.,8,8
313,iPhone 6s Plus ⚡გ.ა.ნ.ვ.ა.დ.ე.ბ.ი.თ გ.ა.რ.ა.ნ.ტ.ი.ი.,260.0,Yes ,No,2800,No ,LCD ,Yes ,16,Yes ,No ,1,iOS ,12,2.0,5.5,One SIM ,Nano-SIM ,Yes ,Yes ,2015 Y.,5,6s
314,"Apple Iphone 6S PLus, 32GB 92% batarea, gauxsneli",375.0,Yes ,No,2800,No ,IPS LCD ,Yes ,32,Yes ,Yes ,1,iOS ,12,2.0,5.5,One SIM ,Nano-SIM ,No ,Yes ,2015 Y.,5,6s
315,"იყიდება iphone 11 pro max, 256 GB.",1500.0,Yes ,Yes,800,No ,Super Retina XDR OLED ,Yes ,256,Yes ,Yes ,2,iOS ,3,4.0,3.5,One SIM ,Nano-SIM ,No ,Yes ,2021 Y.,5,11 pro
316,iphone 7 / აიფონ 7 - 32 GB,400.0,Yes ,No,2100,Yes ,Retina IPS LCD ,Yes ,32,Yes ,Yes ,1,iOS ,12,2.0,4.8,One SIM ,Nano-SIM ,Yes ,Yes ,2017 Y.,1,7
317,apple iphone xs 256gb,1100.0,Yes ,No,2200,,Super Retina XDR OLED ,Yes ,256,Yes ,Yes ,2,iOS ,48,6.0,5.5,One SIM ,Nano-SIM ,,,2019 Y.,13,xs
